id,family,mode,horizon_hours,direction,discovery_score,discovery_mean_ic,discovery_min_ic,positive_folds,fold0_ic,fold1_ic,fold2_ic,fold3_ic,research_tier,sign_changes,stream,reason,representative,max_abs_correlation
main_F1_bf6de9a5606bb00c,F1,signed_energy,4,-1,-0.0063722399063408,-0.0005946778692305,-0.0135975107550621,1,-0.0068924748338758,-0.00958535913378,0.0276966337114572,-0.0135975107550621,conditional_or_unstable,2,mixed,retained,,0.3955350345947366
main_F1_e7c8c507208a1d24,F1,signed_energy,4,-1,0.0110725257545709,0.0122264102101325,0.0070246672257781,4,0.0161640364676713,0.0070246672257781,0.0126198371872305,0.0130970999598503,predictive_candidate,0,mixed,retained,,0.195210755633699
control_OLD_405b3ffd27bda83e,OLD,signed_energy,4,-1,-0.0059162955731153,0.0011583040468394,-0.0180499944835901,1,-0.0111632514744997,-0.000632950454019,0.0344794131815433,-0.0180499944835901,conditional_or_unstable,2,old,retained,,0.3091051768477958
control_OLD_f1b817f5fedcc7a7,OLD,tanh_product,4,-1,0.0121690072119236,0.0124490801244974,0.0111074903979897,4,0.0130618279799819,0.0125681338831782,0.0130588691681623,0.0111074903979897,predictive_candidate,0,old,retained,,0.2851778427181699
main_F2_0c204f70f2b7cd35,F2,signed_energy,4,1,-0.0037915455177426,0.0013063373044133,-0.0103153809905052,1,-0.0048618731088936,-0.0058805076405406,-0.0103153809905052,0.026283111423254,conditional_or_unstable,1,mixed,retained,,0.09883875822758498
main_F2_74f9af5016961b74,F2,linear,4,1,0.0113168712705373,0.0126396482810378,0.0071472967974841,4,0.012145260348916,0.0177310481667518,0.0071472967974841,0.0135349882766604,predictive_candidate,0,mixed,retained,,0.8197338897017435
control_OLD_27623919d75fb3c9,OLD,signed_energy,4,1,-0.001555398106575,0.004494191147387,-0.0072366069070994,1,0.0343728885054588,-0.004579852335155,-0.0072366069070994,-0.0045796623453497,conditional_or_unstable,1,old,retained,,0.35828397339817347
control_OLD_7bc9db343cd09b04,OLD,cubic,4,-1,0.0120490882545709,0.0132776675745844,0.0092860665172338,4,0.0133471116423606,0.0188204627484083,0.0092860665172338,0.0116570256650447,predictive_candidate,0,old,retained,,0.41534454803126575
main_F3_58592062457bd5ad,F3,signed_energy,4,-1,0.0011003483086824,0.0058429315686225,-0.0028664586134254,1,-0.0008671557880006,-0.0021743266843259,0.0292796678841114,-0.0028664586134254,conditional_or_unstable,2,mixed,retained,,0.06585423212707028
main_F3_e173020ab12c5035,F3,cubic,4,-1,0.0116466656327247,0.0143808312714099,0.0035053486935794,4,0.0247423090040683,0.0116100590676069,0.0176656115800142,0.0035053486935794,predictive_candidate,0,mixed,retained,,0.21316371436181128
control_OLD_18c644c6967a00b8,OLD,signed_energy,4,-1,-0.0025079774204641,0.003679776797071,-0.0074192797765135,1,-0.0067835068330168,-0.0074192797765135,0.0342737436294555,-0.0053518498316407,conditional_or_unstable,2,old,retained,,0.4044547172920969
control_OLD_8a3cb573d953a0fa,OLD,cubic,4,1,0.0120461471378803,0.0161370132118463,0.0021615149453282,4,0.0021615149453282,0.0318462066352367,0.0224415995180606,0.0080987298861145,predictive_candidate,0,old,retained,,0.3098865654278619
main_F4_0dab2835942ef1a7,F4,tanh_product,4,1,-0.0069491923786699,-0.0014723339118063,-0.0166680347174406,1,-0.0012182829668745,-0.0166680347174406,0.023843104019761,-0.0118461214005947,conditional_or_unstable,2,mixed,retained,,0.04226669429953881
main_F4_96fc7badb43f3ae1,F4,asinh_difference,4,1,0.0107137598097324,0.0114995241165161,0.0081380074843764,4,0.014434702694416,0.0081380074843764,0.0114344283938407,0.0119909569621086,predictive_candidate,0,mixed,retained,,0.31040558880564784
control_OLD_965fdf2f0f6d0738,OLD,signed_energy,4,-1,-0.0083441073074936,-0.0005131374928168,-0.0263520684093236,2,-0.0263520684093236,-0.0118008786812424,0.0341461785137653,0.0019542195368558,conditional_or_unstable,1,old,retained,,0.40937738195263235
control_OLD_3d15334ef3365d7a,OLD,tanh_product,4,-1,0.0119914496317505,0.0153156137093901,0.0016109609277918,4,0.0254722945392131,0.0114527251571416,0.0227264761924743,0.0016109609277918,predictive_candidate,0,old,retained,,0.32618197050479236
main_F5_b1265b5efb11c957,F5,signed_energy,4,-1,-0.0031618983484804,0.0012865230673924,-0.0080688009038567,1,-0.0037258502561599,-0.0080688009038567,0.0231382325291633,-0.0061974893324077,conditional_or_unstable,2,mixed,retained,,0.32075511910750626
main_F5_f07dfb6e588525e3,F5,cubic,4,1,0.0088901277631521,0.010258937254548,0.0059054233133792,4,0.0059054233133792,0.0162427425384521,0.0078481566160917,0.0110394256189465,predictive_candidate,0,mixed,retained,,0.273431612106071
control_OLD_24344e4ab3d061af,OLD,signed_energy,4,1,-0.0092161744832992,-0.0012048098724335,-0.0269512590020895,2,0.033970907330513,-0.0146105708554387,-0.0269512590020895,0.0027716818731278,conditional_or_unstable,2,old,retained,,0.34872723829755015
control_OLD_6bb61806a9009ed5,OLD,tanh_product,4,-1,0.0119767189025878,0.0152543913573026,0.0063061579130589,4,0.0309916473925113,0.0119565827772021,0.0117631796747446,0.0063061579130589,predictive_candidate,0,old,retained,,0.1873918874665149
main_F6_8205c95883ada0ec,F6,cubic,4,-1,-0.0001839688047766,0.0044114859774708,-0.003785977140069,1,-0.003785977140069,-0.0036417737137526,0.0271224174648523,-0.0020487231668084,conditional_or_unstable,2,mixed,retained,,0.39489420554459925
main_F6_2f4098cbc8764912,F6,cubic,4,-1,0.010542869567871,0.0113815423101186,0.0086360750719904,4,0.0142155131325125,0.0132600897923111,0.0086360750719904,0.0094144884496927,predictive_candidate,0,mixed,retained,,0.31340533867535786
control_OLD_e6daa4c8d25dcb89,OLD,linear,4,1,-0.0035885146353393,0.0026844188105314,-0.0110224233940243,1,-0.0073405653238296,-0.0043561542406678,0.0334568172693252,-0.0110224233940243,conditional_or_unstable,2,old,retained,,0.3457354656846966
control_OLD_39e25d882112214d,OLD,tanh_product,4,-1,0.0118935611099004,0.0135553013533353,0.0067859892733395,4,0.014588207937777,0.0200857352465391,0.0127612734213471,0.0067859892733395,predictive_candidate,0,old,retained,,0.21202467052059845
main_F7_8bfc4f89d4f1ea34,F7,linear,4,-1,-0.0065369000658392,-2.8384150937199596e-05,-0.028501559048891,2,-0.0029862287919968,0.021594064310193,-0.028501559048891,0.0097801862284541,conditional_or_unstable,3,mixed,retained,,0.2855340480423723
main_F7_6658249165482a38,F7,asinh_difference,4,-1,0.0100192818790674,0.0109990825876593,0.0081956852227449,4,0.0081956852227449,0.008559170179069,0.0122443512082099,0.0149971256032586,predictive_candidate,0,mixed,retained,,0.5655427520768397
control_OLD_81485c36b3f0abd6,OLD,asinh_difference,4,-1,-0.0008497606031596,0.004951826762408,-0.008228987455368,1,-0.008228987455368,-0.0019402371253818,-0.0034013462718576,0.0333778783679008,conditional_or_unstable,1,old,retained,,0.4555538089020505
control_OLD_06dd7a6d36e0917f,OLD,tanh_product,4,1,0.0117974448949098,0.0166629254817962,-0.0040363548323512,3,0.0338866151869297,0.0138270491734147,0.0229743923991918,-0.0040363548323512,predictive_candidate,1,old,retained,,0.27721774563415874
main_OLD_40552edf9d66592f,OLD,asinh_difference,4,-1,-0.008751081302762,-0.0017954225186258,-0.0204701945185661,1,0.0307699404656887,-0.0204701945185661,-0.0148263359442353,-0.0026551000773906,conditional_or_unstable,1,mixed,retained,,0.36051031167037084
main_OLD_0d4d0acdbdb0a827,OLD,signed_energy,4,-1,0.011191395111382,0.0124023128300905,0.0092401457950472,4,0.0112267760559916,0.0092401457950472,0.0182515792548656,0.0108907502144575,predictive_candidate,0,mixed,retained,,0.20406710871747108
control_OLD_ff9d465b4b86dfee,OLD,signed_energy,4,1,-0.0034618938807398,0.0026655762922018,-0.008285054937005,1,-0.008285054937005,-0.0077195633202791,0.0329626910388469,-0.0062957676127552,conditional_or_unstable,2,old,retained,,0.3321267177165047
control_OLD_cfd0533c7b748efe,OLD,tanh_product,4,1,0.011789727024734,0.0134285613894462,0.0090174749493598,4,0.0090174749493598,0.014169817790389,0.0207842495292425,0.0097427042201161,predictive_candidate,0,old,retained,,0.3170293801033126
main_F1_f6412952df579d70,F1,signed_energy,4,1,-0.0040735136717557,0.0013902843929827,-0.0107392612844705,1,-0.0011188555508852,-0.0101878279820084,0.0276070814579725,-0.0107392612844705,conditional_or_unstable,2,mixed,retained,,0.27310804492897406
main_F1_a0cd380497ed1f09,F1,tanh_product,4,-1,0.0109401708468794,0.0118631329387426,0.0091791143640875,4,0.0160818621516227,0.0101912021636962,0.0120003512129187,0.0091791143640875,predictive_candidate,0,mixed,retained,,0.2055236277546059
control_OLD_34f81e21aa3abde1,OLD,signed_energy,4,1,-0.0009843604639172,0.0047200201079249,-0.005597224459052,1,0.0329202003777027,-0.005597224459052,-0.0049048219807446,-0.0035380749031901,conditional_or_unstable,1,old,retained,,0.28906336895712365
control_OLD_ae059e5cfed0e6e4,OLD,tanh_product,4,1,0.0116838896647095,0.0144077204167842,0.0045352135784924,4,0.0244484283030033,0.0190121699124574,0.0045352135784924,0.0096350703388452,predictive_candidate,0,old,retained,,0.16054659660373088
main_F2_bc7cac5a039ab9d3,F2,tanh_product,4,1,-0.0080311764031648,-0.0025436170399188,-0.0162269882857799,1,-0.0098782386630773,0.0241113156080245,-0.0081805568188428,-0.0162269882857799,conditional_or_unstable,2,mixed,retained,,0.08052620870745274
main_F2_86a6977c34bfbbd0,F2,linear,4,-1,0.011135715059936,0.0127974124625325,0.0045747989788651,4,0.0156100364401936,0.0154447332024574,0.0045747989788651,0.0155600821599364,predictive_candidate,0,mixed,retained,,0.6457089136802201
control_OLD_4753e1140a5efef8,OLD,asinh_difference,4,-1,-0.0086625861003994,-0.0011646846542134,-0.019708789885044,2,0.0329178273677825,-0.019708789885044,-0.0191682409495115,0.0013004647335037,conditional_or_unstable,2,old,retained,,0.3184096513598927
control_OLD_1483ca7d48e6f00a,OLD,tanh_product,4,-1,0.0116397142410278,0.0127698481082916,0.0098797706887125,4,0.0109011167660355,0.0181936547160148,0.0098797706887125,0.0121048502624034,predictive_candidate,0,old,retained,,0.25728511829100514
main_F3_7b10948d012f419b,F3,signed_energy,4,-1,-0.0082930838689208,-0.0012591332197189,-0.0205060858279466,2,0.0050307735800743,-0.0184619054198265,0.0289006847888231,-0.0205060858279466,conditional_or_unstable,3,mixed,retained,,0.2908624766329341
main_F3_d027458853dd3716,F3,signed_energy,4,-1,0.0114345112815499,0.0136359194293618,0.0042875381186604,4,0.0195297375321388,0.0114807458594441,0.0192456562072038,0.0042875381186604,predictive_candidate,0,mixed,retained,,0.17080798833553856
control_OLD_639fc77fdf69248e,OLD,cubic,4,1,-0.0033597513101994,0.0028027012012898,-0.0110935401171445,1,-0.0093466639518737,-0.0009096016874536,0.032560609281063,-0.0110935401171445,conditional_or_unstable,2,old,retained,,0.3352545816724771
control_OLD_6d110425a903c3bc,OLD,tanh_product,4,-1,0.0116374343633651,0.0152231296524405,0.0037857792340219,4,0.0306664388626813,0.0037857792340219,0.0178296267986297,0.0086106741800904,predictive_candidate,0,old,retained,,0.22234986449557076
main_F4_0aac2a41944df08b,F4,cubic,4,-1,-0.0041839736513793,0.0008326891693286,-0.0158599950373172,1,0.0237221233546733,-0.0158599950373172,-0.0022166583221405,-0.0023147130850702,conditional_or_unstable,1,mixed,retained,,0.35121967476064536
main_F4_13079c10c08cad2a,F4,signed_energy,4,1,0.0099266972392797,0.0121983187273144,0.0034053132403641,4,0.021663473919034,0.011035656556487,0.0034053132403641,0.0126888304948806,predictive_candidate,0,mixed,retained,,0.3127161191405888
control_OLD_3327a50467ab6131,OLD,signed_energy,4,1,-0.0039949882775545,0.0023304228670895,-0.015951320528984,1,-0.015951320528984,-0.0042971703223884,0.0323647856712341,-0.0027946031186729,conditional_or_unstable,2,old,retained,,0.33193090002008363
control_OLD_7323e776d529aff8,OLD,tanh_product,4,-1,0.0116344206035137,0.013041952624917,0.0075439261272549,4,0.011716604232788,0.0075439261272549,0.0186246335506439,0.0142826484516263,predictive_candidate,0,old,retained,,0.20652101650783464
main_F5_5ff80874cc771ae6,F5,signed_energy,4,1,-0.0036448119208216,0.0010107107227668,-0.0102484188973903,1,-0.0087344124913215,0.0230322610586881,-0.0102484188973903,-6.58658836982795e-06,conditional_or_unstable,2,mixed,retained,,0.1615076943007131
main_F5_e760f60fc1dd1868,F5,tanh_product,4,-1,0.0085162092000246,0.0101915951818227,0.0056293308734893,4,0.0177925638854503,0.006616935133934,0.0107275508344173,0.0056293308734893,predictive_candidate,0,mixed,retained,,0.10451222107974785
control_OLD_61a75d2abed6538a,OLD,linear,4,1,-0.0112914703786373,-0.0021012760698795,-0.0383324734866619,2,0.0101975416764616,-0.0125797651708126,0.0323095917701721,-0.0383324734866619,conditional_or_unstable,3,old,retained,,0.45780595608911795
control_OLD_d6deb85467169c2d,OLD,tanh_product,4,1,0.0116154290735721,0.012680871412158,0.007779296953231,4,0.0150932548567652,0.007779296953231,0.0124895609915256,0.0153613705188035,predictive_candidate,0,old,retained,,0.15747539480015554
main_F6_7a90e30bfbcb31fe,F6,linear,4,1,-0.0041051269508898,0.0011406008852645,-0.0099439304322004,1,-0.0099439304322004,-0.0050697778351604,0.026927825063467,-0.007351713720709,conditional_or_unstable,2,mixed,retained,,0.8250950827851138
main_F6_8bfbb7fe0dbedba7,F6,tanh_product,4,1,0.0104268081486225,0.0116266477853059,0.0074628312140703,4,0.0148089546710252,0.0090301930904388,0.0152046112343668,0.0074628312140703,predictive_candidate,0,mixed,retained,,0.07709469029937048
control_OLD_8354ff91dc05e5d3,OLD,asinh_difference,4,1,-0.0052777011878788,0.0011607757769525,-0.0141232535243034,1,-0.010414345189929,0.0322723723948001,-0.0030916712712496,-0.0141232535243034,conditional_or_unstable,2,old,retained,,0.27479714784924686
control_OLD_27c88986abc02d96,OLD,tanh_product,4,-1,0.0116080120205879,0.0145681602880358,0.0014795295428484,4,0.0144960898905992,0.0249036531895399,0.0014795295428484,0.0173933692276477,predictive_candidate,0,old,retained,,0.25846850841763036
main_F7_a69cbb312bf95d1c,F7,signed_energy,4,1,-0.0009168465621769,0.0028801867738366,-0.006637058686465,1,0.0213128719478845,-0.006637058686465,-0.0009901974117383,-0.0021648684050887,conditional_or_unstable,1,mixed,retained,,0.14185562518031122
main_F7_e661fa9acca05f63,F7,linear,4,-1,0.0098223499953746,0.0108375316485762,0.0073451935313642,4,0.0121667059138417,0.0073451935313642,0.0089738368988037,0.0148643897846341,predictive_candidate,0,mixed,retained,,0.6200453207387293
control_OLD_4e6a09b9cb3d00b5,OLD,linear,4,1,-0.0046038376167416,0.0022070428822189,-0.0223452076315879,1,0.0321620889008045,-0.0223452076315879,-0.0005078652175143,-0.000480844755657,conditional_or_unstable,1,old,retained,,0.5046977097658623
control_OLD_582cb297d1856999,OLD,tanh_product,4,1,0.0115284910425543,0.0160633251070976,-0.0051747220568358,3,0.0258139166980981,0.0272564347833395,-0.0051747220568358,0.0163576714694499,predictive_candidate,2,old,retained,,0.20267851489073915
main_OLD_0572b7fd963e2de2,OLD,tanh_product,4,-1,-0.0106355641037225,-0.0034276167862117,-0.0260789543390274,1,-0.0260789543390274,-0.0062817670404911,0.0299404039978981,-0.0112901497632265,conditional_or_unstable,2,mixed,retained,,0.08572797883620967
main_OLD_e7bc4e0e987f2993,OLD,tanh_product,4,1,0.0106820603832602,0.0116255097091197,0.0069927033036947,4,0.0137056875973939,0.0128112509846687,0.0069927033036947,0.0129923988133668,predictive_candidate,0,mixed,retained,,0.30939020340349976
control_OLD_7f02af752422f51e,OLD,signed_energy,4,1,-0.0045646680518984,0.0020475224591791,-0.0206118132919073,1,0.0318554528057575,-0.0012847615871578,-0.0206118132919073,-0.0017687880899757,conditional_or_unstable,1,old,retained,,0.349630407863912
control_OLD_5aba674cc88c8311,OLD,signed_energy,4,-1,0.0114133190363645,0.0134527385234832,0.004117036703974,4,0.0165988728404045,0.0134168043732643,0.0196782387793064,0.004117036703974,predictive_candidate,0,old,retained,,0.29403346245263656
main_F1_3e225d06468d0ed1,F1,signed_energy,4,1,-0.004650093615055,0.0008927744347602,-0.0128142544999718,1,-0.0088100032880902,-0.0023551927879452,0.0275505483150482,-0.0128142544999718,conditional_or_unstable,2,mixed,retained,,0.3412291980826796
main_F1_b44c6dba828c2bcb,F1,signed_energy,4,1,0.0105122560635209,0.0120190186426043,0.0069831106811761,4,0.0069831106811761,0.018744446337223,0.0101460721343755,0.0122024454176425,predictive_candidate,0,mixed,retained,,0.4194986410991994
control_OLD_ae42aed1245d0b91,OLD,signed_energy,4,1,-0.0089025208726525,-0.001522795530036,-0.0258959997445344,1,-0.0008637621067464,-0.0258959997445344,0.0315784513950347,-0.0109098711982369,conditional_or_unstable,2,old,retained,,0.2733606562779622
control_OLD_9b58549b7de76aa6,OLD,tanh_product,4,1,0.0113689983263611,0.0151796722784638,0.0006503041367977,4,0.0095134172588586,0.0216017365455627,0.028953231871128,0.0006503041367977,predictive_candidate,0,old,retained,,0.3131506824379746
main_F2_434a691b1ffaa15d,F2,cubic,4,-1,-0.0027328126598149,0.0020424972753971,-0.0133882230147719,1,0.0240582544356584,-0.0133882230147719,-0.0010001423070207,-0.001499900012277,conditional_or_unstable,1,mixed,retained,,0.34711285566860545
main_F2_64bca5bc14de3187,F2,tanh_product,4,1,0.0109816985204815,0.0135156605392694,0.0037395367398858,4,0.0239905845373868,0.0146021144464612,0.0117304064333438,0.0037395367398858,predictive_candidate,0,mixed,retained,,0.023569951210510764
control_OLD_909ed68b3e0d8119,OLD,cubic,4,-1,-0.0101610850542783,-0.0030744546093046,-0.018575333058834,1,0.0314743407070636,-0.018575333058834,-0.0090955812484025,-0.0161012448370456,conditional_or_unstable,1,old,retained,,0.46758122989618844
control_OLD_2068f161e8e87391,OLD,tanh_product,4,-1,0.0113614350557327,0.0134665742516517,0.0053983204998075,4,0.0053983204998075,0.0145022114738821,0.0221697650849819,0.0117959957569837,predictive_candidate,0,old,retained,,0.25901927099776834
main_F3_81eead8685612d2c,F3,tanh_product,4,1,-0.0104840490967035,-0.0032597207464277,-0.0245128888636827,2,-0.0245128888636827,-0.0187044441699981,0.0020395261235535,0.0281389225274324,conditional_or_unstable,1,mixed,retained,,0.11220641375885837
main_F3_0a7cab45123b8b5c,F3,asinh_difference,4,-1,0.0108819184824824,0.0120955249294638,0.0062534003518521,4,0.0144849987700581,0.0148924486711621,0.0062534003518521,0.0127512505277991,predictive_candidate,0,mixed,retained,,0.2721294069528593
control_OLD_872532fb892e7954,OLD,linear,4,1,-0.0114471772685647,-0.0031208235304802,-0.034420970827341,2,0.0314316973090171,-0.034420970827341,-0.0112628219649195,0.0017688011284917,conditional_or_unstable,2,old,retained,,0.5656285031796128
control_OLD_5dc2c61007a4fb1e,OLD,tanh_product,4,1,0.0113479560241103,0.0135435629636049,0.0028856375720351,4,0.0189846195280551,0.0156015548855066,0.016702439635992,0.0028856375720351,predictive_candidate,0,old,retained,,0.3439432899365211
main_F4_137b7db56473df58,F4,asinh_difference,4,-1,-0.002369349822402,0.0020472570322453,-0.0097923260182142,1,-0.0027967654168605,-0.0097923260182142,0.0233144741505384,-0.002536354586482,conditional_or_unstable,2,mixed,retained,,0.16471950222734116
main_F4_ac908b66bf270bc5,F4,cubic,4,1,0.0099198138341307,0.0124208629131317,0.0051225358620285,4,0.0162040367722511,0.0051225358620285,0.022256089374423,0.0061007891781628,predictive_candidate,0,mixed,retained,,0.2731064517265652
control_OLD_dee6ef1503c47bc5,OLD,linear,4,-1,-0.0036007477901875,0.0026198616251349,-0.0173110570758581,1,0.031335525214672,-0.0173110570758581,-0.0030226581729948,-0.0005223639891482,conditional_or_unstable,1,old,retained,,0.42536463424852433
control_OLD_ff4b2bd7928a72ff,OLD,asinh_difference,4,-1,0.0113408844918012,0.0141912018880248,0.0027074932586401,4,0.0241592023521661,0.010893297381699,0.0190048143267631,0.0027074932586401,predictive_candidate,0,old,retained,,0.5591310070950407
main_F5_d3a1f5b18e28e19b,F5,linear,4,1,-0.011230974458158,-0.0049143261276185,-0.0273764766752719,1,-0.0049359118565917,-0.0101883737370371,0.0228434577584266,-0.0273764766752719,conditional_or_unstable,2,mixed,retained,,0.4334644358887076
main_F5_ba840a83d28a0a15,F5,signed_energy,4,-1,0.0081799868494272,0.0106922667473554,0.0020526584703475,4,0.0020526584703475,0.0148904239758849,0.0057032462209463,0.0201227366924285,predictive_candidate,0,mixed,retained,,0.34333423253925544
control_OLD_382466e53a64ea97,OLD,signed_energy,4,-1,-0.0090014422312378,-0.001677842461504,-0.026876738294959,1,-0.0079439533874392,0.0311145391315221,-0.026876738294959,-0.0030052182264626,conditional_or_unstable,2,old,retained,,0.21100490429285787
control_OLD_5f70d2b79ff2c825,OLD,tanh_product,4,-1,0.0112940184772014,0.0143279731273651,0.0031807539053261,4,0.0237861275672912,0.008637067861855,0.0031807539053261,0.0217079427093267,predictive_candidate,0,old,retained,,0.222389267432428
main_F6_5d317d36578b711a,F6,cubic,4,-1,-0.0031951875425875,0.0017956439405679,-0.0075266864150762,1,-0.0075266864150762,-0.0049647707492113,0.0264412201941013,-0.0067671872675418,conditional_or_unstable,2,mixed,retained,,0.69983051231867
main_F6_ead167046aa80ecf,F6,linear,4,-1,0.0102444067597389,0.0115622635930776,0.0067689893767237,4,0.0172822177410125,0.0105569791048765,0.0116408681496977,0.0067689893767237,predictive_candidate,0,mixed,retained,,0.4947616623242053
control_OLD_7b05e437c5635393,OLD,asinh_difference,4,1,-0.0143460799008607,-0.0057405475527048,-0.0335059240460395,2,0.0009759199456311,-0.0214894041419029,-0.0335059240460395,0.0310572162270545,conditional_or_unstable,2,old,retained,,0.5869682522448704
control_OLD_aeab41732d90c557,OLD,tanh_product,4,-1,0.0112492702901363,0.0133572351187467,0.0034878880251199,4,0.0135246571153402,0.0187553409487009,0.017661053687334,0.0034878880251199,predictive_candidate,0,old,retained,,0.3117730579072443
main_F7_667c85f8e7e533a0,F7,asinh_difference,4,1,-0.0052419598214328,-0.0002927184104919,-0.0172664374113082,2,-0.0172664374113082,0.0023403705563396,-0.0072993100620806,0.0210545025765895,conditional_or_unstable,3,mixed,retained,,0.23752978148085957
main_F7_5e21817b5006f165,F7,tanh_product,4,1,0.0097728427499532,0.0117603698745369,0.0032048423308879,4,0.015103206038475,0.0032048423308879,0.0104277729988098,0.0183056574314832,predictive_candidate,0,mixed,retained,,0.21250608157301973
control_OLD_ab793adc7569e0cc,OLD,signed_energy,4,-1,-0.0025738216936588,0.0031393594108521,-0.0119400732219219,1,-0.0119400732219219,-0.0035725079942494,0.0307074636220932,-0.002637444762513,conditional_or_unstable,2,old,retained,,0.3926032420090809
control_OLD_474b5aa2391081c7,OLD,tanh_product,4,-1,0.0112490877509117,0.012376507744193,0.0087338425219058,4,0.0096076559275388,0.0154951699078083,0.0087338425219058,0.0156693626195192,predictive_candidate,0,old,retained,,0.3180822607427264
main_OLD_43dcc4cfd3d2135d,OLD,signed_energy,4,1,-0.0126954093575477,-0.0047560618259012,-0.0335177853703498,1,-0.0335177853703498,-0.0102739436551928,0.029890863224864,-0.0051233805716037,conditional_or_unstable,2,mixed,retained,,0.205926323116099
main_OLD_388978c9e0df73a4,OLD,tanh_product,4,-1,0.0106809874996542,0.013400643132627,0.0017960942350327,4,0.0215624626725912,0.0109800193458795,0.0192639995366334,0.0017960942350327,predictive_candidate,0,mixed,retained,,0.46623128727480306
control_OLD_708f5aca3fa45a65,OLD,signed_energy,4,1,-0.0127306291833519,-0.0053822388872504,-0.0198683999478817,1,0.0306414626538753,-0.0198683999478817,-0.0195962097495794,-0.0127058085054159,conditional_or_unstable,1,old,retained,,0.7102138800071626
control_OLD_64177df304746a8b,OLD,cubic,4,-1,0.0111032612621784,0.0132959326729178,0.0025064568035304,4,0.015805559232831,0.0174554623663425,0.0174162499606609,0.0025064568035304,predictive_candidate,0,old,retained,,0.36791440072522225
main_F1_f6ba56c8d5476223,F1,signed_energy,4,-1,-0.0012060021981596,0.0034994040615856,-0.008589575998485,1,-0.000209798105061,-0.008589575998485,0.0262017622590065,-0.0034047719091176,conditional_or_unstable,2,mixed,quota_archive,,0.23884595594592625
main_F1_27cab0f4eaedfd4b,F1,signed_energy,4,1,0.0094788540154695,0.0111269196495413,0.0054913666099309,4,0.0185386836528778,0.0097813811153173,0.0054913666099309,0.0106962472200393,predictive_candidate,0,mixed,quota_archive,,0.34662727875766236
control_OLD_02dfeb724f72f736,OLD,signed_energy,4,-1,-0.0057030525058507,0.000394401140511,-0.0103749819099903,1,0.0305540896952152,-0.0103749819099903,-0.0097632063552737,-0.008838296867907,conditional_or_unstable,1,old,quota_archive,,0.27128359006009145
control_OLD_07e173fc70fe2087,OLD,signed_energy,4,-1,0.0110364882275462,0.0143577801063656,0.0048189954832196,4,0.0189646687358617,0.0276824031025171,0.0059650531038641,0.0048189954832196,predictive_candidate,0,old,quota_archive,,0.2636420754517053
main_F2_7f5b31149017aab6,F2,tanh_product,4,1,-0.0037340433336794,0.0010437960736453,-0.0113081010058522,1,-0.0023381519131362,-0.0113081010058522,-0.0062156184576451,0.024037055671215,conditional_or_unstable,1,mixed,quota_archive,,0.02777839963984615
main_F2_334c0f9c6a85626e,F2,signed_energy,4,-1,0.0107447989284992,0.0110036479309201,0.0101653607562184,4,0.0113758342340588,0.0120234554633498,0.0104499403387308,0.0101653607562184,predictive_candidate,0,mixed,quota_archive,,0.5831610266919081
control_OLD_178aa98277f0dd06,OLD,signed_energy,4,1,-0.003325066762045,0.0023909679148346,-0.0098362369462847,1,-0.0054460284300148,-0.005669277627021,0.0305154137313365,-0.0098362369462847,conditional_or_unstable,2,old,quota_archive,,0.4348644541209691
control_OLD_82d758baa7f344d6,OLD,signed_energy,4,-1,0.0110258739441633,0.0143317300826311,0.0013356123818084,4,0.0244540441781282,0.0013356123818084,0.0221469290554523,0.00939033459872,predictive_candidate,0,old,quota_archive,,0.33388577187695057
main_F3_1c1f4a9433741369,F3,signed_energy,4,-1,-0.0139783462509512,-0.0056286277249455,-0.0392581410706043,1,-0.0392581410706043,-0.0039596501737833,0.0281284730881452,-0.0074251913465559,conditional_or_unstable,2,mixed,quota_archive,,0.19043345123653035
main_F3_dddb7e0ce03fe8f8,F3,tanh_product,4,-1,0.0108756478875875,0.0145967975258827,-0.0025121420621871,3,-0.0025121420621871,0.0142267746850848,0.0251440145075321,0.0215285420417785,predictive_candidate,1,mixed,quota_archive,,0.03290691611130357
control_OLD_80756eb6898c09c9,OLD,asinh_difference,4,-1,-0.0084480764344334,-0.0017492733895778,-0.0180886350572109,1,-0.014665612950921,-0.0044926288537681,-0.0180886350572109,0.0302497819066047,conditional_or_unstable,1,old,quota_archive,,0.3310862057486171
control_OLD_561174fc4080af9e,OLD,tanh_product,4,1,0.0110193826258182,0.0122048845514655,0.007123805116862,4,0.0115716094151139,0.0163554660975933,0.0137686589732766,0.007123805116862,predictive_candidate,0,old,quota_archive,,0.24128506503147754
main_F4_79216149fabcc980,F4,cubic,4,-1,-0.0017625596374273,0.0023942836560308,-0.0061567956581711,1,-0.000853102596011,-0.0061567956581711,0.0226280055940151,-0.0060409721918404,conditional_or_unstable,2,mixed,quota_archive,,0.23553067215677487
main_F4_8b8c889c4ef62784,F4,cubic,4,1,0.0096719358116388,0.0118407635018229,0.0011383240344002,4,0.0157602317631244,0.0011383240344002,0.0158175565302371,0.0146469445899128,predictive_candidate,0,mixed,quota_archive,,0.43651923675957055
control_OLD_4b8b67d9f0cc753c,OLD,linear,4,1,-0.0094114076346158,-0.0008373828604817,-0.0381566546857357,2,0.0056400899775326,-0.0010715117678046,0.0302385445684194,-0.0381566546857357,conditional_or_unstable,3,old,quota_archive,,0.6659798150209861
control_OLD_8abfc527483b5330,OLD,tanh_product,4,-1,0.0109575493261218,0.0119986832141876,0.0090155089274048,4,0.0090155089274048,0.0158426612615585,0.0091862017288804,0.0139503637328743,predictive_candidate,0,old,quota_archive,,0.1459788217524071
main_F5_a81bce728df83241,F5,signed_energy,4,-1,-0.0026058559305965,0.0016102144727483,-0.0103803165256977,1,-0.0103803165256977,-0.0004093458410352,0.0215462986379861,-0.0043157781474292,conditional_or_unstable,2,mixed,quota_archive,,0.3251041653803279
main_F5_b6cfb4ec9b0a0ad9,F5,cubic,4,-1,0.0071763196028769,0.0109880734235048,-0.0051239971071481,3,0.0096632232889533,0.0252316799014806,-0.0051239971071481,0.0141813894733786,predictive_candidate,2,mixed,quota_archive,,0.5533656388662515
control_OLD_18c1fdd5966b3554,OLD,signed_energy,4,1,-0.0036597193684428,0.002189588965848,-0.0125959683209657,1,0.0300990510731935,-0.0125959683209657,-0.0084672393277287,-0.0002774878521449,conditional_or_unstable,1,old,quota_archive,,0.4086565128290915
control_OLD_beb2b0a7d1db8ca1,OLD,tanh_product,4,-1,0.0109288739040493,0.0121699376031756,0.0094757145270705,4,0.0182700064033269,0.0105765024200081,0.0094757145270705,0.0103575261309742,predictive_candidate,0,old,quota_archive,,0.11845968151290523
main_F6_60f4c7eb938bc5e9,F6,linear,4,-1,-0.0039387196302413,0.0014081245753914,-0.0150145245715975,1,-0.0031745773740112,-0.0026183598674833,0.0264399610459804,-0.0150145245715975,conditional_or_unstable,2,mixed,quota_archive,,0.5967898617951098
main_F6_34d8402d409d4fbf,F6,signed_energy,4,-1,0.0098056998103857,0.013045409694314,-0.0001804893836379,3,0.0155023951083421,0.0112266959622502,0.0256330370903015,-0.0001804893836379,predictive_candidate,1,mixed,quota_archive,,0.3115073936386438
control_OLD_4980d7cf7593ef9e,OLD,asinh_difference,4,-1,-0.007660205475986,-0.0010149087756872,-0.020486744120717,1,-0.0028234925121068,-0.010784339159727,0.0300349406898021,-0.020486744120717,conditional_or_unstable,2,old,quota_archive,,0.7522264994339545
control_OLD_c2803cce5963acbe,OLD,cubic,4,1,0.0109058339148759,0.0126882698386907,0.0052759218961,4,0.0052759218961,0.0182407572865486,0.01076874230057,0.0164676550775766,predictive_candidate,0,old,quota_archive,,0.3236363717515655
main_F7_81389f4f3eeb9e51,F7,signed_energy,4,-1,-0.001694714417681,0.0021713564638048,-0.0065277377143502,1,0.0209001284092664,-0.0052215848118066,-0.0004653797950595,-0.0065277377143502,conditional_or_unstable,1,mixed,quota_archive,,0.23071965195365174
main_F7_0b298774150e4607,F7,signed_energy,4,1,0.0094195939600467,0.0118107795715332,0.0050815143622457,4,0.0050815143622457,0.011194871738553,0.0230353362858295,0.0079313972964882,predictive_candidate,0,mixed,quota_archive,,0.21270233382829468
control_OLD_0245216af5ccb555,OLD,signed_energy,4,1,-0.0081843538209795,-0.0017094179056584,-0.0161679740995168,1,-0.0116795022040605,-0.0090161301195621,0.0300259348005056,-0.0161679740995168,conditional_or_unstable,2,old,quota_archive,,0.4031833760697818
control_OLD_aa7e4aec82e84039,OLD,cubic,4,-1,0.0109034897759556,0.0118869366124272,0.0076792775653302,4,0.0128089906647801,0.0076792775653302,0.0115766897797584,0.0154827870428562,predictive_candidate,0,old,quota_archive,,0.36592098208986135
main_OLD_08ffcae05955320c,OLD,tanh_product,4,-1,-0.0060192067176103,0.000475981272757,-0.0225161258131265,1,-0.004107475746423,-0.0006978408200666,0.029225368052721,-0.0225161258131265,conditional_or_unstable,2,mixed,quota_archive,,0.11559819154212543
main_OLD_eef131acfd53259d,OLD,cubic,4,1,0.0103724459186196,0.0129620553925633,0.0053373891860246,4,0.0176300201565027,0.0053373891860246,0.0226464252918958,0.0062343892641365,predictive_candidate,0,mixed,quota_archive,,0.44143118597822584
control_OLD_cd562dc2d28e06c2,OLD,linear,4,-1,-0.0077970717102289,-0.0013214808423072,-0.0171747170388698,1,0.0300218388438224,-0.0171747170388698,-0.0118548739701509,-0.0062781712040305,conditional_or_unstable,1,old,quota_archive,,0.4539786167670721
control_OLD_145d06df1078ac32,OLD,tanh_product,4,1,0.0107983453199267,0.0129884025081992,0.0046657556667923,4,0.0121600897982716,0.0222963709384202,0.0046657556667923,0.0128313936293125,predictive_candidate,0,old,quota_archive,,0.2275893995122949
main_F1_345479d77000c1f0,F1,signed_energy,4,-1,-0.0092199202626943,-0.0013913973234593,-0.0358953215181827,2,0.0254799965769052,-0.0030270952265709,-0.0358953215181827,0.0078768301755189,conditional_or_unstable,2,mixed,quota_archive,,0.22786965992690564
main_F1_07ed303160f6217b,F1,asinh_difference,4,1,0.0092651126906275,0.0106194866821169,0.0046847607009112,4,0.0046847607009112,0.0109728714451193,0.0112917935475707,0.015528523363173,predictive_candidate,0,mixed,quota_archive,,0.45872270683967126
control_OLD_d92cbc1d3adf8ae3,OLD,signed_energy,4,1,-0.0110071673989295,-0.0038652326911687,-0.0222868304699659,1,0.0299538727849721,-0.0172170232981443,-0.0222868304699659,-0.0059109493158757,conditional_or_unstable,1,old,quota_archive,,0.29649374381553695
control_OLD_79ec3e9863c0f51d,OLD,cubic,4,-1,0.0107852965593338,0.0126999784260988,0.0053289686329662,4,0.0200930200517177,0.0103740962222218,0.0053289686329662,0.0150038292631506,predictive_candidate,0,old,quota_archive,,0.46915232576591526
main_F2_c5586cead8dd23ea,F2,cubic,4,1,-0.0063232015818357,-0.0008834300097078,-0.0173422936350107,2,0.0010317551204934,0.0235044695436954,-0.0173422936350107,-0.0107276504859328,conditional_or_unstable,1,mixed,quota_archive,,0.12897590031508527
main_F2_53fb41a5afa42873,F2,cubic,4,-1,0.0104028182104229,0.0121099827811121,0.0064068441279232,4,0.0121168214827775,0.0101407319307327,0.0064068441279232,0.0197755340486764,predictive_candidate,0,mixed,quota_archive,,0.07605849380179802
control_OLD_ddf393d15d74860a,OLD,signed_energy,4,1,-0.009706063196063,-0.0022282032296061,-0.0296462811529636,1,0.0299327913671731,-0.0296462811529636,-0.0083797723054885,-0.0008195512345992,conditional_or_unstable,1,old,quota_archive,,0.6121567850964689
control_OLD_13b843d51bb8ab63,OLD,tanh_product,4,-1,0.0107739251106977,0.0114277359098196,0.008421191945672,4,0.0125358076766133,0.008421191945672,0.0133488085120916,0.0114051345735788,predictive_candidate,0,old,quota_archive,,0.2324073396858828
main_F3_70fff7e85c439ce8,F3,asinh_difference,4,1,-0.0035255430266261,0.0019623511470854,-0.0149198863655328,1,-0.0023425996769219,-0.0025341277942061,0.027646018192172,-0.0149198863655328,conditional_or_unstable,2,mixed,quota_archive,,0.25582821754829665
main_F3_83d3396e8c219d3d,F3,tanh_product,4,-1,0.0107277128845453,0.0132526438683271,0.0012259287759661,4,0.0012259287759661,0.0167761892080307,0.0202394649386405,0.0147689897567033,predictive_candidate,0,mixed,quota_archive,,0.08524588471015442
control_OLD_98701ce937e0cbe0,OLD,linear,4,1,-0.0139604760333895,-0.0047149863094091,-0.0415438115596771,2,0.029899226501584,-0.0415438115596771,-0.0144288456067442,0.0072134854272007,conditional_or_unstable,2,old,quota_archive,,0.771758440182236
control_OLD_3ab207c76382cfe9,OLD,tanh_product,4,1,0.0107138454914093,0.0130916079506278,0.0032441681250929,4,0.0189421270042657,0.0103243514895439,0.0198557842522859,0.0032441681250929,predictive_candidate,0,old,quota_archive,,0.2238148250960479
main_F4_7a87cf2ca818cd37,F4,tanh_product,4,-1,-0.0035374388098716,0.0008275937288999,-0.0095865717157721,1,0.0221107993274927,-0.0036964847240597,-0.0095865717157721,-0.0055173682048916,conditional_or_unstable,1,mixed,quota_archive,,0.06859873172644235
main_F4_77ec2d915eba1394,F4,linear,4,1,0.0095018884167075,0.0119974389672279,0.0046771024353802,4,0.0067678256891667,0.0229451563209295,0.0135996714234352,0.0046771024353802,predictive_candidate,0,mixed,quota_archive,,0.5976059214683153
control_OLD_eada17ffa3cb6b41,OLD,cubic,4,1,-0.0128746852278709,-0.0052557038143277,-0.0306962691247463,1,0.0294326823204755,-0.0306962691247463,-0.0088293273001909,-0.0109299020841717,conditional_or_unstable,1,old,quota_archive,,0.4542103737290661
control_OLD_08d37f9f9f636e88,OLD,cubic,4,-1,0.0106875514611601,0.0128339193761348,0.0046286326833069,4,0.0218624677509069,0.0046286326833069,0.0132125243544578,0.0116320559754967,predictive_candidate,0,old,quota_archive,,0.5077103352302031
main_F5_ea80259326e579e6,F5,tanh_product,4,1,-0.00421819742769,0.0002043133135885,-0.009877779521048,1,-0.009877779521048,0.0212926734238863,-0.009280770085752,-0.0013168705627322,conditional_or_unstable,2,mixed,quota_archive,,0.10318594624911612
main_F5_d6ffc91bbbf73d8f,F5,cubic,4,-1,0.0070296311751008,0.0092922737821936,0.0015419744886457,4,0.0170745886862278,0.0015419744886457,0.014100007712841,0.0044525223784148,predictive_candidate,0,mixed,quota_archive,,0.27315459840406997
control_OLD_ef91a38d05580888,OLD,asinh_difference,4,1,-0.0101375859230756,-0.0029624332673847,-0.027266563847661,1,0.0294178035110235,-0.0091556292027235,-0.027266563847661,-0.004845343530178,conditional_or_unstable,1,old,quota_archive,,0.43865238243126214
control_OLD_0d2705592e7c5374,OLD,cubic,4,-1,0.0106871034950017,0.0116866631433367,0.0088331336155533,4,0.013448404148221,0.015456061810255,0.0090090529993176,0.0088331336155533,predictive_candidate,0,old,quota_archive,,0.2881793185895423
main_F6_525148223639d121,F6,linear,4,1,-0.0048918714746832,0.0003163546789437,-0.0110944975167512,1,-0.0110944975167512,-0.0064949463121593,0.0259063523262739,-0.007051489315927,conditional_or_unstable,2,mixed,quota_archive,,0.8218623119002962
main_F6_5d3606f459541673,F6,linear,4,-1,0.0097489794716238,0.0109733724966645,0.005556936841458,4,0.0147721441462636,0.0103903338313102,0.0131740774959325,0.005556936841458,predictive_candidate,0,mixed,alias,main_F6_ead167046aa80ecf,0.9576658171021699
control_OLD_fa5b3ff12ff6623c,OLD,asinh_difference,4,-1,-0.0060915630310773,-0.0001082599628716,-0.0122659103944897,1,0.0293140150606632,-0.0122659103944897,-0.0069427220150828,-0.0105384234338998,conditional_or_unstable,1,old,quota_archive,,0.5177213754845874
control_OLD_e1d7398a48347a45,OLD,signed_energy,4,1,0.0106528690084815,0.0118187703192234,0.0061338013038039,4,0.0146399559453129,0.0133121078833937,0.0061338013038039,0.0131892170757055,predictive_candidate,0,old,quota_archive,,0.33612799335455706
main_F7_239c9812b201bd9a,F7,cubic,4,1,-0.0046616713516414,-0.0002240310423076,-0.0130631262436509,1,-0.0026445868425071,0.0207454990595579,-0.0130631262436509,-0.005933909676969,conditional_or_unstable,2,mixed,quota_archive,,0.6652736066958639
main_F7_da8e6c8f7986ac2d,F7,signed_energy,4,1,0.0090575572103261,0.010818519629538,0.0050043729133903,4,0.0078255701810121,0.0120826205238699,0.0183615144342184,0.0050043729133903,predictive_candidate,0,mixed,quota_archive,,0.2886602552384278
control_OLD_46f2f445c22fe24d,OLD,signed_energy,4,-1,-0.0035935654304921,0.002024975605309,-0.0118581932038068,1,0.0291619133204221,-0.0019746462348848,-0.0118581932038068,-0.0072291721589863,conditional_or_unstable,1,old,quota_archive,,0.4275753772448809
control_OLD_a3fc8e502b373b27,OLD,signed_energy,4,1,0.0106476545333862,0.0116221252828836,0.007209304254502,4,0.0148962624371051,0.007209304254502,0.0119035141542553,0.0124794216826558,predictive_candidate,0,old,quota_archive,,0.22830140703869503
main_OLD_677635ea0eb1122c,OLD,signed_energy,4,-1,-0.004685434512794,0.0011785360984504,-0.0164841320365667,1,-0.0164841320365667,-0.0043463935144245,0.0287643037736415,-0.0032196340616792,conditional_or_unstable,2,mixed,quota_archive,,0.3429108936650884
main_OLD_a9361bf7295e5326,OLD,tanh_product,4,1,0.0102284559980034,0.0142415864393115,-0.0023668804205954,3,0.0299137234687805,0.0161220543086528,0.0132974497973918,-0.0023668804205954,predictive_candidate,1,mixed,quota_archive,,0.3886202847275608
control_OLD_f053bce3b7fcda28,OLD,signed_energy,4,-1,-0.0045491978526115,0.001176687888801,-0.0125272525474429,1,-0.0125272525474429,-0.0054630120284855,0.029121246188879,-0.0064242295920848,conditional_or_unstable,2,old,quota_archive,,0.36168724021680826
control_OLD_0f5d41633c79373a,OLD,tanh_product,4,-1,0.0106362039223313,0.0117235770449042,0.0083328476175665,4,0.0098707415163517,0.0083328476175665,0.0121170431375503,0.0165736749768257,predictive_candidate,0,old,quota_archive,,0.12335093959659364
main_F1_16bf0fab194561bd,F1,signed_energy,4,-1,0.0091227339580655,0.0109410062432289,0.0053929788991808,4,0.0053929788991808,0.0133524080738425,0.0182729996740818,0.0067456355318427,predictive_candidate,0,mixed,quota_archive,,0.25254134530442773
control_OLD_e1f9ac7e8a5635f3,OLD,tanh_product,4,1,0.0105469310656189,0.0119571518152952,0.0061213728040456,4,0.0175071507692337,0.0122383497655391,0.0061213728040456,0.0119617357850074,predictive_candidate,0,old,quota_archive,,0.21370106036612702
main_F2_d91159c4e575e5b4,F2,tanh_product,4,-1,0.0103763472288846,0.0115917231887578,0.0064908456988632,4,0.0161728095263242,0.0064908456988632,0.0125907883048057,0.0111124496906995,predictive_candidate,0,mixed,quota_archive,,0.0647371031937375
control_OLD_2f960982869a0c7a,OLD,tanh_product,4,1,0.0105258664116263,0.0112967984750866,0.0091635547578334,4,0.0091635547578334,0.0149771925061941,0.0107619995251297,0.0102844452485442,predictive_candidate,0,old,quota_archive,,0.47772928442153345
main_F3_b36c599aad118065,F3,linear,4,1,0.0107041336596012,0.0121714984998106,0.0052614575251936,4,0.0145797748118639,0.0162425301969051,0.01260223146528,0.0052614575251936,predictive_candidate,0,mixed,quota_archive,,0.31496610272529074
control_OLD_d0b81894dc1cf83b,OLD,cubic,4,-1,0.0105006005614995,0.0149277094751596,0.0002568902273196,4,0.0002568902273196,0.0330318734049797,0.0199597086757421,0.006462363526225,predictive_candidate,0,old,quota_archive,,0.455466619444677
main_F4_facb008a12ba0a6a,F4,tanh_product,4,-1,0.0093637993559241,0.0118339760228991,0.0033992109820246,4,0.0077990656718611,0.0139414966106414,0.0221961271017789,0.0033992109820246,predictive_candidate,0,mixed,quota_archive,,0.03135194984623805
control_OLD_6dae7a4fc42819d5,OLD,tanh_product,4,-1,0.0104421526193618,0.0114482454955577,0.007695535197854,4,0.0130553385242819,0.0151748014613986,0.007695535197854,0.0098673086613416,predictive_candidate,0,old,quota_archive,,0.18805277591228547
main_F5_1143d74153019a19,F5,tanh_product,4,-1,0.0069593135267496,0.0082991290837526,0.0022369748912751,4,0.0022369748912751,0.0080367550253868,0.0105134192854166,0.0124093685299158,predictive_candidate,0,mixed,quota_archive,,0.07684257872036951
control_OLD_bfca805be63ec391,OLD,tanh_product,4,1,0.0104274665936827,0.0108768679201602,0.0097237890586256,4,0.0111689297482371,0.0097567168995738,0.0097237890586256,0.0128580378368496,predictive_candidate,0,old,quota_archive,,0.24461034728785552
main_F6_74733c44f02c475c,F6,linear,4,-1,0.0095723550766706,0.0109792724251747,0.0044893119484186,4,0.0155185861513018,0.0120118232443928,0.011897369287908,0.0044893119484186,predictive_candidate,0,mixed,quota_archive,,0.8681580311090612
control_OLD_70cc90e47ae353c7,OLD,tanh_product,4,-1,0.0103681329637765,0.0125779379159212,0.0040948363021016,4,0.0216812063008546,0.0040948363021016,0.0107799135148525,0.0137557936832308,predictive_candidate,0,old,quota_archive,,0.1516720213984894
main_F7_b5f28d829b3538bf,F7,asinh_difference,4,-1,0.0090444954112172,0.0103561617434024,0.0041982899419963,4,0.0041982899419963,0.012539473362267,0.0106710530817508,0.0140158329159021,predictive_candidate,0,mixed,quota_archive,,0.3130830467054001
control_OLD_fd99d3674505bc23,OLD,signed_energy,4,-1,0.0103614199906587,0.0119048105552792,0.0047086006961762,4,0.0161786116659641,0.0120506659150123,0.0146813672035932,0.0047086006961762,predictive_candidate,0,old,quota_archive,,0.41454696164180693
main_OLD_9c117d975fe11d59,OLD,cubic,4,-1,0.0102067152038216,0.0121172405779361,0.0042227110825479,4,0.0113396411761641,0.0195074826478958,0.0042227110825479,0.0133991260081529,predictive_candidate,0,mixed,quota_archive,,0.3270575781485462
control_OLD_f1be53c0776e24b9,OLD,cubic,4,-1,0.0102772042155265,0.0121015571057796,0.0047767283394932,4,0.0047767283394932,0.0105138523504138,0.0190864037722349,0.0140292402356863,predictive_candidate,0,old,quota_archive,,0.3592496210749386
main_F1_76d0994d9d0ab8e0,F1,tanh_product,4,1,0.0091001391410827,0.0130172641947865,-0.0046991892158985,3,0.011692764237523,0.021102724596858,0.0239727552980184,-0.0046991892158985,predictive_candidate,1,mixed,quota_archive,,0.14703211763706275
control_OLD_f163187da049f4bb,OLD,tanh_product,4,-1,0.0102346893399953,0.0120898261666297,0.00360999093391,4,0.012877395376563,0.00360999093391,0.0182012636214494,0.0136706512421369,predictive_candidate,0,old,quota_archive,,0.1568705219370607
main_F2_b33fcf068b424606,F2,tanh_product,4,1,0.0102172391489148,0.0114429648965597,0.0082610948011279,4,0.0082610948011279,0.0100841559469699,0.0100541664287447,0.017372440546751,predictive_candidate,0,mixed,quota_archive,,0.017050612180484856
control_OLD_7ddb54ad957f2d72,OLD,tanh_product,4,-1,0.010218184441328,0.0134912859648466,-0.0002027439477387,3,0.010534718632698,-0.0002027439477387,0.0245487559586763,0.0190844126045703,predictive_candidate,2,old,quota_archive,,0.41619096651980925
main_F3_b6539934104c0771,F3,linear,4,-1,0.0106477281078696,0.012421004474163,0.0051696770824491,4,0.0119981169700622,0.0130588579922914,0.0194573644548654,0.0051696770824491,predictive_candidate,0,mixed,quota_archive,,0.4035045864929491
control_OLD_798a63034d7e2d52,OLD,signed_energy,4,1,0.0102158105000853,0.0133278863504529,0.0005610177759081,4,0.0005610177759081,0.0245935376733541,0.0176288988441228,0.0105280922725796,predictive_candidate,0,old,quota_archive,,0.21268520787505385
main_F4_77fc6d4b5e58d781,F4,cubic,4,1,0.0090683382004499,0.0133900251239538,-0.0016929602716118,3,-0.0016929602716118,0.0297587439417839,0.0052104946225881,0.0202838201075792,predictive_candidate,1,mixed,quota_archive,,0.27902237587982076
control_OLD_857e29702cb3ed52,OLD,tanh_product,4,-1,0.0102057289332151,0.0106822960078716,0.0083935987204313,4,0.0083935987204313,0.010953364893794,0.0115053383633494,0.0118768811225891,predictive_candidate,0,old,quota_archive,,0.204252426620727
main_F5_475d9f9165359fe5,F5,signed_energy,4,-1,0.0067815696820616,0.0086205005645751,0.0045612636022269,4,0.017495697364211,0.0075501506216824,0.0048748897388577,0.0045612636022269,predictive_candidate,0,mixed,quota_archive,,0.37172593529786724
control_OLD_8d0cb69b032ef800,OLD,signed_energy,4,1,0.0101672429591417,0.0121055087074637,0.0061162682250142,4,0.0061162682250142,0.0070765963755548,0.0169771574437618,0.0182520132511854,predictive_candidate,0,old,quota_archive,,0.5435747445428962
main_F6_836ef2c0afa05eda,F6,tanh_product,4,-1,0.0093095367774367,0.0104099102318286,0.0066137094981968,4,0.0119935646653175,0.0066137094981968,0.0083404788747429,0.0146918911486864,predictive_candidate,0,mixed,quota_archive,,0.33592292590087897
control_OLD_f874ab5917ce089f,OLD,tanh_product,4,-1,0.0101105170324444,0.0114477686583995,0.0070154815912246,4,0.0087411552667617,0.0167404022067785,0.0070154815912246,0.0132940327748656,predictive_candidate,0,old,quota_archive,,0.2687919004893531
main_F7_c1857f23c885e99e,F7,tanh_product,4,1,0.0088123260065913,0.0118672950193285,0.0028807816561311,4,0.0028807816561311,0.010516352020204,0.0262211114168167,0.0078509347513318,predictive_candidate,0,mixed,quota_archive,,0.2166050389408227
control_OLD_f7c926bc03236c98,OLD,tanh_product,4,-1,0.0101097198203206,0.0118060745298862,0.0049631670117378,4,0.0095043843612074,0.0049631670117378,0.0162598937749862,0.0164968520402908,predictive_candidate,0,old,quota_archive,,0.24709418145507359
main_OLD_884d352d1bcd3289,OLD,tanh_product,4,1,0.0101997526362538,0.0111704329028725,0.0086318906396627,4,0.0086318906396627,0.0088965399190783,0.0155223924666643,0.0116309104487299,predictive_candidate,0,mixed,quota_archive,,0.22245070579884377
control_OLD_971253e07f625b61,OLD,cubic,4,1,0.0101069593802094,0.012973248027265,0.0012794968206435,4,0.0198667738586664,0.0012794968206435,0.0213932953774929,0.0093534244224429,predictive_candidate,0,old,quota_archive,,0.6734130351198397
main_F1_c01e41ed37155f9f,F1,signed_energy,4,-1,0.0090526631101965,0.0121410647407174,0.0013286607572808,4,0.0013286607572808,0.0170178301632404,0.0238594654947519,0.0063583026640117,predictive_candidate,0,mixed,quota_archive,,0.18848248073675264
control_OLD_17a9bedfdfa6e8de,OLD,signed_energy,4,-1,0.0100673120468854,0.0130316652357578,0.0049149696715176,4,0.0259979199618101,0.0151440436020493,0.0049149696715176,0.0060697291046381,predictive_candidate,0,old,quota_archive,,0.4639448789746685
main_F2_89d161bde81ee631,F2,linear,4,1,0.0100294575095176,0.0105458609759807,0.0079929856583476,4,0.0114517705515027,0.0114517454057931,0.0079929856583476,0.0112869404256343,predictive_candidate,0,mixed,quota_archive,,0.8082917754076115
control_OLD_c2788e0ad7d5965c,OLD,tanh_product,4,1,0.0100517980754375,0.0128765143454074,0.0039856093935668,4,0.0039856093935668,0.0057215429842472,0.0217833425849676,0.0200155619531869,predictive_candidate,0,old,quota_archive,,0.2322484715518785
main_F3_6b9d8dc61867f3e2,F3,linear,4,1,0.0106195285916328,0.0132434852421283,0.0052123954519629,4,0.0116241425275802,0.025523068383336,0.0106143336743116,0.0052123954519629,predictive_candidate,0,mixed,quota_archive,,0.35843169932219066
control_OLD_4bd0c481c513875c,OLD,signed_energy,4,-1,0.0099622551351785,0.0113926082849502,0.0057944618165493,4,0.0126066319644451,0.0170762240886688,0.0057944618165493,0.0100931171327829,predictive_candidate,0,old,quota_archive,,0.21808394749575497
main_F4_fcaf157f4cc9739f,F4,signed_energy,4,1,0.0089861499145627,0.0104528665542602,0.0033363511320203,4,0.0033363511320203,0.0118678240105509,0.012483762577176,0.0141235282644629,predictive_candidate,0,mixed,quota_archive,,0.15124033597474573
control_OLD_a7f372c7c271f46a,OLD,tanh_product,4,1,0.0099457874894142,0.010626133531332,0.0076823784038424,4,0.0102562038227915,0.0129238059744238,0.0076823784038424,0.0116421487182378,predictive_candidate,0,old,quota_archive,,0.29709075177576766
main_F5_e66b2fb41c9f9727,F5,tanh_product,4,-1,0.0066903633996844,0.0082217715680599,0.0006580020417459,4,0.0106129450723528,0.0104392254725098,0.0006580020417459,0.0111769158393144,predictive_candidate,0,mixed,quota_archive,,0.13194849939180578
control_OLD_efcc82e5c33a045b,OLD,tanh_product,4,1,0.0099117010831832,0.0119094494730234,0.0037674480117857,4,0.0139823043718934,0.0194889195263385,0.0037674480117857,0.0103991255164146,predictive_candidate,0,old,quota_archive,,0.3409450716651008
main_F6_a93bf5b87628fb5b,F6,cubic,4,-1,0.0092146098613739,0.0118489796295762,0.003594962414354,4,0.0236204713582992,0.003594962414354,0.0074705076403915,0.0127099761739373,predictive_candidate,0,mixed,quota_archive,,0.4448543686500449
control_OLD_a78fbf95bfd6b4d8,OLD,signed_energy,4,1,0.0099084768444299,0.0142530994489789,-0.0038522914983332,3,0.0302080977708101,0.0193077232688665,0.0113488687202334,-0.0038522914983332,predictive_candidate,1,old,quota_archive,,0.2905170340038551
main_F7_e8dfc6ca088ef1ff,F7,cubic,4,-1,0.0087853223085403,0.0096094366163015,0.0063140806742012,4,0.0106573477387428,0.0087718041613698,0.0063140806742012,0.0126945143565535,predictive_candidate,0,mixed,quota_archive,,0.297453627713018
control_OLD_6aeeda788833ad86,OLD,signed_energy,4,-1,0.0099002355709671,0.0121041797101497,0.0021310860756784,4,0.0021310860756784,0.0142402164638042,0.0125677864998579,0.019477630034089,predictive_candidate,0,old,quota_archive,,0.35672604231867555
main_OLD_ac48879eb23ead84,OLD,signed_energy,4,-1,0.0100322924554348,0.0110762706026434,0.0074145682156085,4,0.0101406723260879,0.011057891882956,0.0156919527798891,0.0074145682156085,predictive_candidate,0,mixed,quota_archive,,0.5086917282526335
control_OLD_f86f57758318f6d3,OLD,cubic,4,-1,0.0098443375900387,0.0118032209575176,0.0063809249550104,4,0.0063809249550104,0.0204849485307931,0.0074156541377305,0.0129313534125685,predictive_candidate,0,old,quota_archive,,0.5051379897223366
main_F1_8dc96a7ac88a8b14,F1,tanh_product,4,-1,0.0090259900316596,0.0092100566253066,0.0083648385480046,4,0.0097145978361368,0.0095795346423983,0.0083648385480046,0.0091812582686543,predictive_candidate,0,mixed,quota_archive,,0.11222811293425103
control_OLD_0bee50b226ddc5c3,OLD,tanh_product,4,1,0.0098416171967983,0.0118486164137721,0.0068059861660003,4,0.0068059861660003,0.0213092640042305,0.0114884739741683,0.0077907415106892,predictive_candidate,0,old,quota_archive,,0.26961994039745035
main_F2_8ef1570ea92b38ff,F2,cubic,4,1,0.0097740637138485,0.0117254480719566,0.0058377953246235,4,0.018241461366415,0.0058377953246235,0.0162599477916955,0.0065625919960439,predictive_candidate,0,mixed,quota_archive,,0.4570395820258794
control_OLD_1803f1ba21ceba54,OLD,tanh_product,4,1,0.0098259691148996,0.0116886366158723,0.0062285410240292,4,0.0128865111619234,0.0062285410240292,0.0077798836864531,0.0198596119880676,predictive_candidate,0,old,quota_archive,,0.10237978751243385
main_F3_b415407aad92896c,F3,tanh_product,4,-1,0.0105829145759344,0.0116288373246788,0.0081735057756304,4,0.0081735057756304,0.0123950075358152,0.0098446132615208,0.0161022245883941,predictive_candidate,0,mixed,quota_archive,,0.07293260275621948
control_OLD_c32aa14353615bdc,OLD,tanh_product,4,1,0.0098118595778942,0.0133593846112489,0.0010702675208449,4,0.0292532928287982,0.0109242377802729,0.0010702675208449,0.0121897393837571,predictive_candidate,0,old,quota_archive,,0.1949874025953884
main_F4_2ae73cb8fd3b9ddb,F4,tanh_product,4,-1,0.0087542664259672,0.0106124635785818,0.0034525739029049,4,0.0184345003217458,0.0104816295206546,0.0034525739029049,0.0100811505690217,predictive_candidate,0,mixed,quota_archive,,0.0579341753828924
control_OLD_0826cc20ecfe3439,OLD,cubic,4,-1,0.0097834188491106,0.012544484809041,0.0061370283365249,4,0.0061370283365249,0.02592458948493,0.0075517469085752,0.0105645740404725,predictive_candidate,0,old,quota_archive,,0.33841084420871825
main_F5_c89a04c4f1c308fc,F5,cubic,4,1,0.0065273400396108,0.0076342187821865,0.0035457452759146,4,0.0035457452759146,0.0070696887560188,0.0124251041561365,0.0074963355436921,predictive_candidate,0,mixed,quota_archive,,0.423638749616771
control_OLD_8b2247853a95e74d,OLD,tanh_product,4,-1,0.0097747202962636,0.0107627278193831,0.0059920293278992,4,0.0117295803502202,0.0133522516116499,0.0119770523160696,0.0059920293278992,predictive_candidate,0,old,quota_archive,,0.18072281507118743
main_F6_90ed6394b54522c2,F6,tanh_product,4,-1,0.0089258458465337,0.0097650568932294,0.0071770003996789,4,0.0075726760551333,0.0119737908244133,0.0071770003996789,0.012336759828031,predictive_candidate,0,mixed,quota_archive,,0.2748511981694996
control_OLD_45fadeaebbfc5786,OLD,tanh_product,4,1,0.0097700078040361,0.0131666893139481,-0.0031374373938888,3,0.0211289208382368,-0.0031374373938888,0.0148159759119153,0.0198592990636825,predictive_candidate,2,old,quota_archive,,0.19701752791668029
main_F7_665b64aebb73edd3,F7,signed_energy,4,1,0.0086055230349302,0.0104616926982998,0.0067208800464868,4,0.0082472749054431,0.0067208800464868,0.0195985306054353,0.0072800866328179,predictive_candidate,0,mixed,quota_archive,,0.38338735026035026
control_OLD_8b4b410fccb353b7,OLD,signed_energy,4,1,0.0097444104030728,0.0114399855956435,0.0078520188108086,4,0.0197861324995756,0.0078520188108086,0.0091724470257759,0.0089493431150913,predictive_candidate,0,old,quota_archive,,0.3639310681566194
main_OLD_8c3aaa421959014a,OLD,cubic,4,-1,0.0099666006863117,0.0108923241496086,0.0068388707004487,4,0.0102991238236427,0.013665328733623,0.0127659728750586,0.0068388707004487,predictive_candidate,0,mixed,quota_archive,,0.45754849054629654
control_OLD_081d6bb05a8043d8,OLD,tanh_product,4,-1,0.009738327935338,0.011530078947544,0.0043821665458381,4,0.0181025695055723,0.0043821665458381,0.0095404461026191,0.0140951331704854,predictive_candidate,0,old,quota_archive,,0.19958859246109756
main_F1_cd786e874169972d,F1,linear,4,-1,0.0090188877657055,0.011186197400093,0.0047244895249605,4,0.0047244895249605,0.0053012087009847,0.0167383346706628,0.0179807562381029,predictive_candidate,0,mixed,quota_archive,,0.3336593182671268
control_OLD_f85afc4d723f747c,OLD,signed_energy,4,1,0.0097158700227737,0.0117363762110471,0.0033071003854274,4,0.0096286553889513,0.0159336403012275,0.0033071003854274,0.0180761069059371,predictive_candidate,0,old,quota_archive,,0.3515487724826589
main_F2_e90fa2ab78ee02dc,F2,signed_energy,4,1,0.0097456881776452,0.0113369403406977,0.0047692405059933,4,0.0096769938245415,0.0142376953735947,0.0166638307273387,0.0047692405059933,predictive_candidate,0,mixed,quota_archive,,0.05595662434303045
control_OLD_9cdf9474d8140e6d,OLD,asinh_difference,4,1,0.0097099104896187,0.0119385365396738,0.0048587075434625,4,0.0153881348669528,0.0205935109406709,0.0069137923419475,0.0048587075434625,predictive_candidate,0,old,quota_archive,,0.35403298488968193
main_F3_0f96d9f4fba76595,F3,signed_energy,4,1,0.0103606702759861,0.0120333284139633,0.0044950344599783,4,0.0115532167255878,0.0170799456536769,0.0044950344599783,0.0150051163509488,predictive_candidate,0,mixed,quota_archive,,0.1357121789882316
control_OLD_93d8fc041424a4a4,OLD,tanh_product,4,1,0.0097027290612459,0.0126578398048877,-0.0007262111757881,3,0.01987518183887,0.0199192222207784,-0.0007262111757881,0.0115631660446524,predictive_candidate,2,old,quota_archive,,0.220022561983847
main_F4_80d5b92898237588,F4,linear,4,-1,0.0087074283510446,0.0102278348058462,0.0028450367972254,4,0.0028450367972254,0.0113632949069142,0.0130579257383942,0.013645083643496,predictive_candidate,0,mixed,quota_archive,,0.5322764075790977
control_OLD_931762a2ed83de5d,OLD,cubic,4,-1,0.0096961557865142,0.0110237291082739,0.0071761235594749,4,0.0071761235594749,0.0172050446271896,0.0108091318979859,0.0089046182110905,predictive_candidate,0,old,quota_archive,,0.5759075226324343
main_F5_d41996211af0a93d,F5,cubic,4,1,0.0064706136472523,0.0078723728656768,0.0031237853690981,4,0.0031237853690981,0.0138014154508709,0.0055848588235676,0.008979432284832,predictive_candidate,0,mixed,quota_archive,,0.3807447311038416
control_OLD_8e31752b79ce535a,OLD,asinh_difference,4,-1,0.009695622138679,0.0111706722527742,0.007958204485476,4,0.009232385084033,0.0184206385165452,0.0090714609250426,0.007958204485476,predictive_candidate,0,old,quota_archive,,0.5581254002188527
main_F6_0c25493b88ff30cf,F6,signed_energy,4,-1,0.0089041525498032,0.0104729263111948,0.0060809440910816,4,0.006189823616296,0.0132139390334486,0.0164069961756467,0.0060809440910816,predictive_candidate,0,mixed,quota_archive,,0.5024630887951699
control_OLD_4dff04052f91d4b2,OLD,tanh_product,4,-1,0.0096694584935903,0.0114358998835086,0.0047789053060114,4,0.0093122106045484,0.0047789053060114,0.013132544234395,0.0185199379920959,predictive_candidate,0,old,quota_archive,,0.15061732347622378
main_F7_411044e7d385580a,F7,tanh_product,4,1,0.008604023605585,0.0099817616865038,0.0055441195145249,4,0.0157626811414957,0.0113059850409626,0.0055441195145249,0.0073142610490322,predictive_candidate,0,mixed,quota_archive,,0.16735482408873295
control_OLD_b1182e4e760317fb,OLD,tanh_product,4,-1,0.0096523435786366,0.0114409327507019,0.0034311101771891,4,0.0034311101771891,0.0176516026258468,0.0121052637696266,0.012575751170516,predictive_candidate,0,old,quota_archive,,0.13422034954225903
main_OLD_aa84bc855d861e6b,OLD,signed_energy,4,1,0.0098127201199531,0.0114200022071599,0.005291667766869,4,0.0117834489792585,0.0181785859167575,0.005291667766869,0.010426303371787,predictive_candidate,0,mixed,quota_archive,,0.32383292120153445
control_OLD_f9a36c4f6bac4600,OLD,asinh_difference,4,1,0.0096522262319922,0.0118773533031344,0.0027942957822233,4,0.0201242063194513,0.0146202556788921,0.0027942957822233,0.0099706538021564,predictive_candidate,0,old,quota_archive,,0.3285744308730571
main_F1_43180597453b40c6,F1,linear,4,-1,0.0090134283527731,0.011922663077712,0.0037295401562005,4,0.0103134363889694,0.0037295401562005,0.0079186717048287,0.0257290061563253,predictive_candidate,0,mixed,quota_archive,,0.8039471347644601
control_OLD_deb9730f38e1d591,OLD,signed_energy,4,-1,0.0096474438905715,0.0128910383209586,0.0035509627778083,4,0.0249949041754007,0.0035509627778083,0.0187885668128728,0.0042297197505831,predictive_candidate,0,old,quota_archive,,0.19528486696135075
main_F2_9ecb56afc62cfeed,F2,tanh_product,4,-1,0.009692926891148,0.0120821511372923,0.0027227671816945,4,0.0216522011905908,0.0138729242607951,0.0027227671816945,0.0100807128474116,predictive_candidate,0,mixed,quota_archive,,0.033412283778097636
control_OLD_a1e515efb755303e,OLD,tanh_product,4,-1,0.0096427071839571,0.0116492547094821,0.0039790072478353,4,0.0158395636826753,0.0039790072478353,0.0084383450448513,0.0183401051908731,predictive_candidate,0,old,quota_archive,,0.13832558958713562
main_F3_4c32c61a54bd37f9,F3,linear,4,1,0.0103260427713394,0.0135237267240881,0.0023471924941986,4,0.0023471924941986,0.0277964174747467,0.0114930495619773,0.0124582471325993,predictive_candidate,0,mixed,quota_archive,,0.3482198537656369
control_OLD_6062e6ec4132fda1,OLD,tanh_product,4,1,0.0096410419791936,0.014137415215373,-0.0070401127450168,3,0.0172283388674259,0.0187901109457016,0.0275713242590427,-0.0070401127450168,predictive_candidate,1,old,quota_archive,,0.2172512323821134
main_F4_f26ec533fec0ccb8,F4,tanh_product,4,1,0.0085712522268295,0.0114935794845223,0.0024317598436027,4,0.0151954274624586,0.0024317598436027,0.023357031866908,0.0049900971353054,predictive_candidate,0,mixed,quota_archive,,0.047878614410624326
control_OLD_5eeca02dc1f6fcfe,OLD,signed_energy,4,-1,0.0096324756741523,0.0123844342306256,0.0026944293640553,4,0.0026944293640553,0.0081057930365204,0.0237003955990076,0.0150371193885803,predictive_candidate,0,old,quota_archive,,0.22237668972699806
main_F5_bca101ff0f0e0736,F5,signed_energy,4,1,0.0064409459009766,0.0080622546374797,0.0030768711585551,4,0.0051704761572182,0.0152865583077073,0.0030768711585551,0.0087151117622852,predictive_candidate,0,mixed,quota_archive,,0.39498391298936314
control_OLD_b715c94dbd81feda,OLD,cubic,4,-1,0.0096089355647563,0.0112284682691097,0.0056707467883825,4,0.0141568500548601,0.0079211872071027,0.0056707467883825,0.0171650890260934,predictive_candidate,0,old,quota_archive,,0.3902100783046122
main_F6_7d4f07a6815409fb,F6,cubic,4,-1,0.0089023970067501,0.0098346397280693,0.0063412906602025,4,0.012542531825602,0.0122929597273468,0.0063412906602025,0.0081617757678031,predictive_candidate,0,mixed,quota_archive,,0.43954245523876473
control_OLD_9905e524608887c9,OLD,tanh_product,4,1,0.009584623388946,0.0132794436067342,-6.486385245807469e-05,3,0.0285265799611806,0.008240632712841,-6.486385245807469e-05,0.016415424644947,predictive_candidate,2,old,quota_archive,,0.2005611808503962
main_F7_82338040478f0481,F7,cubic,4,1,0.0085890004411339,0.0106048425659537,0.0052050612866878,4,0.0122402869164943,0.005639670882374,0.019334353506565,0.0052050612866878,predictive_candidate,0,mixed,quota_archive,,0.5126252340720191
control_OLD_73781583a0ff0c37,OLD,cubic,4,1,0.0095416661351919,0.0142522156238555,-0.0074503612704575,3,0.0282161198556423,0.0143392356112599,-0.0074503612704575,0.0219038687646389,predictive_candidate,2,old,quota_archive,,0.2983291811397327
main_OLD_2f3127ec2e959c95,OLD,tanh_product,4,-1,0.0097550582140684,0.0138399396091699,-0.0028456456493586,3,0.0300325416028499,0.0126499971374869,0.015522863715887,-0.0028456456493586,predictive_candidate,1,mixed,quota_archive,,0.26758833099651486
control_OLD_c02657c0422efdb0,OLD,tanh_product,4,1,0.0095120882615447,0.0135623253881931,-0.0062944306991994,3,0.0208762418478727,0.0219795666635036,0.017687926068902,-0.0062944306991994,predictive_candidate,1,old,quota_archive,,0.23144231909141236
main_F1_9f11a8337e1488ac,F1,signed_energy,4,1,0.0089780893176794,0.0133965965360403,0.0026570558547973,4,0.0031597181223332,0.0139511274173855,0.0338184870779514,0.0026570558547973,predictive_candidate,0,mixed,quota_archive,,0.3615981247031203
control_OLD_f37ce72a2412baf6,OLD,signed_energy,4,-1,0.0095038954168558,0.0126699460670351,0.0069412048906087,4,0.0075070378370583,0.0283266026526689,0.0069412048906087,0.0079049346968531,predictive_candidate,0,old,quota_archive,,0.29934772787850067
main_F2_028b5d1e92e276f0,F2,tanh_product,4,1,0.0095544485375285,0.0107796462252736,0.0064229005947709,4,0.0064229005947709,0.0133938090875744,0.0149435373023152,0.0083583379164338,predictive_candidate,0,mixed,quota_archive,,0.22038902854928338
control_OLD_87a933e565457f7d,OLD,tanh_product,4,1,0.0094912610948085,0.0128667298704385,0.003381346585229,4,0.0037935595028102,0.0184353943914175,0.0258566197007894,0.003381346585229,predictive_candidate,0,old,quota_archive,,0.1553033867887671
main_F3_de665eaaec51ee38,F3,cubic,4,1,0.0102428952232003,0.0111755048856139,0.0076275351457297,4,0.0130565175786614,0.0143418684601783,0.0076275351457297,0.0096760988235473,predictive_candidate,0,mixed,quota_archive,,0.2821422404735878
control_OLD_51b4d70677a78926,OLD,tanh_product,4,1,0.0094847865402698,0.0103671047836542,0.0075797471217811,4,0.0075797471217811,0.0131923565641045,0.0081495437771081,0.0125467739999294,predictive_candidate,0,old,quota_archive,,0.27308096499063605
main_F4_12643eae352dbdfd,F4,cubic,4,-1,0.0084284013137221,0.0103498231619596,0.0036274350713938,4,0.0062843225896358,0.0163105968385934,0.0151769369840621,0.0036274350713938,predictive_candidate,0,mixed,quota_archive,,0.38391322642628417
control_OLD_e7f130f40fcec207,OLD,cubic,4,-1,0.0094773368909955,0.0112389400601387,0.0060855592601001,4,0.0178068671375513,0.0144454268738627,0.006617906037718,0.0060855592601001,predictive_candidate,0,old,quota_archive,,0.47494901431291187
main_F5_66bc245eb050a83d,F5,tanh_product,4,-1,0.0062417015433311,0.0080016385763883,-0.0005585651961155,3,0.0115276100113987,-0.0005585651961155,0.0116929663345217,0.0093445451930165,predictive_candidate,2,mixed,quota_archive,,0.15423593185592716
control_OLD_d6f37866fe452b8f,OLD,tanh_product,4,-1,0.009442638605833,0.0132117299363017,0.0001146674476331,4,0.0001146674476331,0.0300785694271326,0.0107176890596747,0.0119359930977225,predictive_candidate,0,old,quota_archive,,0.4149474581923895
main_F6_b3447dae6d94b109,F6,signed_energy,4,-1,0.0088730296120047,0.0095635671168565,0.0068184090778231,4,0.0086771706119179,0.0068184090778231,0.0108072161674499,0.01195147074759,predictive_candidate,0,mixed,quota_archive,,0.4232824314697142
control_OLD_f3c7ea3e2a243a5a,OLD,asinh_difference,4,-1,0.0094378283247351,0.0118892397731542,0.0042114476673305,4,0.0151504492387175,0.0217424239963293,0.0064526391215622,0.0042114476673305,predictive_candidate,0,old,quota_archive,,0.2672316538431746
main_F7_47147e5e4754d1d8,F7,cubic,4,1,0.0084883067756891,0.0105001665651798,0.0025962837971746,4,0.0025962837971746,0.0158938821405172,0.0160825997591018,0.0074279010295867,predictive_candidate,0,mixed,quota_archive,,0.4455506553700518
control_OLD_501be7d11a837f97,OLD,tanh_product,4,-1,0.0094193816184997,0.0134292775765061,0.0016066319076344,4,0.0323581211268901,0.0089509589597582,0.0108013991266489,0.0016066319076344,predictive_candidate,0,old,quota_archive,,0.20183561311469905
main_OLD_5240ad6da46f786f,OLD,cubic,4,-1,0.0096548581495881,0.0115090077742934,0.00439641950652,4,0.0098026227205991,0.00439641950652,0.0190704129636287,0.0127665726467967,predictive_candidate,0,mixed,quota_archive,,0.4631225605709345
control_OLD_82636ba8fe334d82,OLD,tanh_product,4,1,0.0094058476388454,0.0107189454138278,0.0049610990099608,4,0.0049610990099608,0.0154175823554396,0.0107434270903468,0.0117536755278706,predictive_candidate,0,old,quota_archive,,0.3178028331834432
main_F1_533e72b8be8f2a3d,F1,asinh_difference,4,1,0.0089429160580039,0.0105596473440527,0.0032506689894944,4,0.0148569112643599,0.0032506689894944,0.0099528832361102,0.0141781261190772,predictive_candidate,0,mixed,quota_archive,,0.5045757325212712
control_OLD_d8a2d13ee44c76f0,OLD,tanh_product,4,1,0.0093921227380633,0.0113202361389994,0.0028930290136486,4,0.0028930290136486,0.0120628029108047,0.0183481238782405,0.0119769917801022,predictive_candidate,0,old,quota_archive,,0.1718563688035406
main_F2_fa647a3da4a628aa,F2,asinh_difference,4,-1,0.0095507130026817,0.0111844725906848,0.0035992166958749,4,0.011465398594737,0.0160335078835487,0.0136397685855627,0.0035992166958749,predictive_candidate,0,mixed,quota_archive,,0.2701413685779163
control_OLD_e039b100ed50bc76,OLD,tanh_product,4,1,0.009385896846652,0.0104967635124921,0.0057099936529994,4,0.0112078571692109,0.010464540682733,0.0057099936529994,0.0146046625450253,predictive_candidate,0,old,quota_archive,,0.1553677069124538
main_F3_1290db2b5d460bd6,F3,asinh_difference,4,1,0.0101856691762804,0.0109519837424159,0.007168810814619,4,0.0120147746056318,0.007168810814619,0.0124405203387141,0.0121838292106986,predictive_candidate,0,mixed,quota_archive,,0.24498489968398973
control_OLD_a6c4b183c4387d21,OLD,cubic,4,1,0.009347460232675,0.010659173130989,0.0058792866766452,4,0.0163231678307056,0.0108742360025644,0.0058792866766452,0.009560003876686,predictive_candidate,0,old,quota_archive,,0.2451628997870028
main_F4_b5cb18c0789eee07,F4,linear,4,1,0.0084207504987716,0.0102025549858808,0.0043132356368005,4,0.0183438342064619,0.0093660820275545,0.0087870704010128,0.0043132356368005,predictive_candidate,0,mixed,quota_archive,,0.38499089090146116
control_OLD_d93865a4ef175b59,OLD,asinh_difference,4,1,0.0093423118814826,0.0112396962940692,0.0018667560070753,4,0.0141728296875953,0.0148852737620472,0.0018667560070753,0.0140339247882366,predictive_candidate,0,old,quota_archive,,0.5193811453209703
main_F5_ff5483b79658fba1,F5,tanh_product,4,-1,0.0061994111165404,0.0092794029042124,-0.0049213441088795,3,0.0184460934251546,0.0141836870461702,-0.0049213441088795,0.0094091743230819,predictive_candidate,2,mixed,quota_archive,,0.07969933834113097
control_OLD_c52151f5fa23024d,OLD,signed_energy,4,1,0.0092954970896244,0.012834720313549,-0.0030292703304439,3,0.0112611111253499,-0.0030292703304439,0.022744808346033,0.0203622300177812,predictive_candidate,2,old,quota_archive,,0.3277293201721648
main_F6_6c6662a34afb63d1,F6,cubic,4,-1,0.008816385641694,0.0113814659416675,8.691185212228447e-05,4,0.0101230842992663,0.0157996006309986,0.0195162668824195,8.691185212228447e-05,predictive_candidate,0,mixed,quota_archive,,0.5380327956074785
control_OLD_b8e59cc3237cb542,OLD,tanh_product,4,-1,0.0092810941860079,0.0117840785533189,0.0032913517206907,4,0.0032913517206907,0.0230579618364572,0.0112522533163428,0.0095347445458173,predictive_candidate,0,old,quota_archive,,0.24377711019746465
main_F7_34f441294d0bbba3,F7,signed_energy,4,-1,0.0084415506571531,0.0138209946453571,-0.0020641128066927,2,-0.0003728325245901,-0.0020641128066927,0.0332624837756156,0.0244584381580352,predictive_candidate,1,mixed,quota_archive,,0.25763307028317084
control_OLD_c80dabd9d98b9142,OLD,cubic,4,-1,0.0092770382761955,0.0113449450582265,0.0023146900348365,4,0.0023146900348365,0.0141623569652438,0.0105239506810903,0.018378784880042,predictive_candidate,0,old,quota_archive,,0.31183208916223737
main_OLD_02e503f2a44a1921,OLD,tanh_product,4,-1,0.0095572937279939,0.0115877706557512,0.003831367008388,4,0.0200067050755023,0.003831367008388,0.0125533305108547,0.0099596809595823,predictive_candidate,0,mixed,quota_archive,,0.31572150794608866
control_OLD_84c4362a23aa7cd5,OLD,signed_energy,4,1,0.009274510666728,0.0138505864888429,3.128103708149865e-05,4,0.006414586212486,0.0347643792629241,0.0141920996829867,3.128103708149865e-05,predictive_candidate,0,old,quota_archive,,0.3291867290003639
main_F1_d64e3c20d26aee1a,F1,linear,4,-1,0.0088239619508385,0.0105262584984302,0.005524503532797,4,0.0109991887584328,0.0182278659194707,0.0073534748516976,0.005524503532797,predictive_candidate,0,mixed,quota_archive,,0.5315469080650744
control_OLD_a89d5ecb84adb8ad,OLD,tanh_product,4,-1,0.0092675182968378,0.0131317935883998,-0.0038650594651699,3,0.0242778044193983,0.0107021583244204,-0.0038650594651699,0.0214122701436281,predictive_candidate,2,old,quota_archive,,0.15738363198725222
main_F2_86df6ee6766511a9,F2,cubic,4,1,0.0094699449837207,0.0114754494279623,0.0045133060775697,4,0.0045133060775697,0.0122336680069565,0.0201917458325624,0.0089630801230669,predictive_candidate,0,mixed,quota_archive,,0.48164988591810914
control_OLD_3fb60031bbf2b223,OLD,signed_energy,4,1,0.0092593934386968,0.0127832256257534,0.0006709527224302,4,0.0006709527224302,0.0247132740914821,0.0052449158392846,0.0205037593841552,predictive_candidate,0,old,quota_archive,,0.2821306588536786
main_F3_de7b531ac1acbca2,F3,linear,4,-1,0.0100340461358428,0.0125643406063318,0.0026695479173213,4,0.0160022899508476,0.0220571774989366,0.0095283510163426,0.0026695479173213,predictive_candidate,0,mixed,quota_archive,,0.3560182227632992
control_OLD_0b6bdd4d093a897d,OLD,tanh_product,4,1,0.0092193540185689,0.0114428726956248,0.0009405955788679,4,0.0179536417126655,0.0009405955788679,0.0140646919608116,0.0128125622868537,predictive_candidate,0,old,quota_archive,,0.17591401614505017
main_F4_7b1b9c930f45e38b,F4,asinh_difference,4,-1,0.0082791084423661,0.0100395958870649,0.0033978689461946,4,0.0156638231128454,0.0140796368941664,0.0070170573890209,0.0033978689461946,predictive_candidate,0,mixed,quota_archive,,0.4584870204939652
control_OLD_19c88abc74444444,OLD,tanh_product,4,-1,0.009209357202053,0.0119313076138496,0.005450808443129,4,0.005450808443129,0.0250409971922636,0.006871273741126,0.0103621501475572,predictive_candidate,0,old,quota_archive,,0.22709747902237928
main_F5_12d10964ca3bc10f,F5,asinh_difference,4,1,0.0061621130444109,0.006583496928215,0.0054776715114712,4,0.0054776715114712,0.006061783991754,0.0086176227778196,0.0061769089661538,predictive_candidate,0,mixed,quota_archive,,0.42406167192930544
control_OLD_2f18489eb5a985ab,OLD,cubic,4,-1,0.0091977175325155,0.0117599610239267,0.0051279431208968,4,0.0116228749975562,0.0237310547381639,0.0065579703077673,0.0051279431208968,predictive_candidate,0,old,quota_archive,,0.4269104362253165
main_F6_9b34d5c756f00620,F6,tanh_product,4,1,0.0087704872712492,0.0099264625459909,0.007094835396856,4,0.0085760010406374,0.0155563503503799,0.0084786629304289,0.007094835396856,predictive_candidate,0,mixed,quota_archive,,0.13101977182879554
control_OLD_29732ff858cc4ea7,OLD,signed_energy,4,-1,0.0091819278895854,0.0106042139232158,0.0047343014739453,4,0.0047343014739453,0.0162214487791061,0.0106508349999785,0.0108102690428495,predictive_candidate,0,old,quota_archive,,0.1845639893352094
main_F7_54758937e0acbf04,F7,signed_energy,4,-1,0.0083356089890003,0.0089603420346975,0.0066416286863386,4,0.0085116466507315,0.0066416286863386,0.0116357868537306,0.0090523045510053,predictive_candidate,0,mixed,quota_archive,,0.5241747835025078
control_OLD_f7199d8c8ba07451,OLD,tanh_product,4,-1,0.0091691873967647,0.0106751359999179,0.0064230067655444,4,0.0064230067655444,0.0102013172581791,0.0083168381825089,0.0177593845874071,predictive_candidate,0,old,quota_archive,,0.32782685412610385
main_OLD_0850a56491b30ff3,OLD,cubic,4,1,0.0095518715679645,0.0104793878272175,0.0061831916682422,4,0.0061831916682422,0.0104263061657547,0.0129479113966226,0.0123601416125893,predictive_candidate,0,mixed,quota_archive,,0.22801685301545704
control_OLD_6a8b89728f53b4f1,OLD,asinh_difference,4,-1,0.0091679682955145,0.0103031937032938,0.0048752566799521,4,0.0048752566799521,0.0110550243407487,0.0133897233754396,0.0118927713483572,predictive_candidate,0,old,quota_archive,,0.37363055195138994
main_F1_074f151179596790,F1,asinh_difference,4,-1,0.0088090114295482,0.0095758978277444,0.0076646241359412,4,0.008773916400969,0.0085632717236876,0.0076646241359412,0.0133017795160412,predictive_candidate,0,mixed,quota_archive,,0.5053922221946273
control_OLD_99560042c6ebf2df,OLD,cubic,4,-1,0.009161926805973,0.0107335727661848,0.003969307988882,4,0.0109244501218199,0.0114454934373497,0.003969307988882,0.0165950413793325,predictive_candidate,0,old,quota_archive,,0.4151411772091184
main_F2_f7aca22d06cf7fb9,F2,linear,4,1,0.0093788290396332,0.0103543456643819,0.0055656689219176,4,0.0123739577829837,0.0114000625908374,0.0055656689219176,0.0120776938274502,predictive_candidate,0,mixed,quota_archive,,0.5692776265562663
control_OLD_476a42b941e5113e,OLD,asinh_difference,4,-1,0.0091618746519088,0.011401386000216,0.0020390986464917,4,0.0020390986464917,0.0182649139314889,0.0162484124302864,0.0090531194582581,predictive_candidate,0,old,quota_archive,,0.4149388803736937
main_F3_5e4bad72a50d0502,F3,tanh_product,4,1,0.0099675022065639,0.0115071963518857,0.0052572642453014,4,0.0138925435021519,0.0052572642453014,0.0169884487986564,0.0098905274644494,predictive_candidate,0,mixed,quota_archive,,0.16172939063925343
control_OLD_aee6eed89d8e4f34,OLD,signed_energy,4,1,0.0091601889580488,0.0098346835002303,0.0079310955479741,4,0.0088691739365458,0.0130275785923004,0.0079310955479741,0.0095108849927783,predictive_candidate,0,old,quota_archive,,0.5391918752588799
main_F4_5433713404b8cdb9,F4,asinh_difference,4,-1,0.0082775764167308,0.0095591004937887,0.0041067139245569,4,0.014104195870459,0.0041067139245569,0.0088235698640346,0.0112019227817654,predictive_candidate,0,mixed,quota_archive,,0.3263040373062907
control_OLD_a8553fa56f459163,OLD,tanh_product,4,1,0.009157694876194,0.0112339304760098,0.0035152495838701,4,0.0199494883418083,0.0091987010091543,0.0122722825035452,0.0035152495838701,predictive_candidate,0,old,quota_archive,,0.19249930530846873
main_F5_89a8001e60f82a3a,F5,asinh_difference,4,-1,0.0061178468167781,0.0081578809767961,-0.0013095409376546,3,0.0083187567070126,0.0140214497223496,-0.0013095409376546,0.0116008594632148,predictive_candidate,2,mixed,quota_archive,,0.6224720561072181
control_OLD_b36c5375248b6152,OLD,linear,4,1,0.0091574052348732,0.0103211617097258,0.0070904097519814,4,0.015351552516222,0.0075691766105592,0.0070904097519814,0.0112735070288181,predictive_candidate,0,old,quota_archive,,0.5618036731599066
main_F6_ff99ba721aae0ae5,F6,signed_energy,4,-1,0.0086542572826147,0.0111754899844527,0.0006552968407049,4,0.0086072860285639,0.0161965638399124,0.0192428100854158,0.0006552968407049,predictive_candidate,0,mixed,quota_archive,,0.39768379284889155
control_OLD_a9514d683a4314a5,OLD,tanh_product,4,-1,0.0091564720496535,0.0107837412506341,0.0065878154709935,4,0.0069019296206533,0.0065878154709935,0.0180757846683263,0.0115694347769021,predictive_candidate,0,old,quota_archive,,0.20415767776105517
main_F7_f54b1cf769706ac3,F7,cubic,4,1,0.0083049666136503,0.0115349385887384,0.0011866249842569,4,0.0011866249842569,0.0180026590824127,0.0038780530449002,0.0230724196881055,predictive_candidate,0,mixed,quota_archive,,0.43121911101335153
control_OLD_a48c112939273223,OLD,signed_energy,4,-1,0.0091537702828645,0.0104321036487817,0.0066348640248179,4,0.0088672768324613,0.0164384935051202,0.0066348640248179,0.0097877811640501,predictive_candidate,0,old,quota_archive,,0.3676139112334932
main_OLD_503cd69acb3a574a,OLD,cubic,4,-1,0.0095067732036113,0.0111393965780735,0.0067060333676636,4,0.0067294556647539,0.0067060333676636,0.0176623649895191,0.0134597327560186,predictive_candidate,0,mixed,quota_archive,,0.6159681224465098
control_OLD_307c3c8919f847ff,OLD,cubic,4,-1,0.0091528678312897,0.0101794796064496,0.0076824128627777,4,0.0076824128627777,0.0094096278771758,0.0151483323425054,0.0084775425493717,predictive_candidate,0,old,quota_archive,,0.49586246743163914
main_F1_1c83611d855a675d,F1,tanh_product,4,-1,0.0087800836190581,0.0123537015169858,0.0012525437632575,4,0.0137570556253194,0.006139712408185,0.0012525437632575,0.0282654948532581,predictive_candidate,0,mixed,quota_archive,,0.2002037767058722
control_OLD_a4f60bd2af587647,OLD,tanh_product,4,1,0.0091463318094611,0.0110887298360466,0.0025290148332715,4,0.0025290148332715,0.0124018285423517,0.0180246960371732,0.0113993799313902,predictive_candidate,0,old,quota_archive,,0.08336095972726307
main_F2_b7965c708946f7a3,F2,asinh_difference,4,1,0.0093525955453515,0.0109182791784405,0.007144677452743,4,0.0185257736593484,0.007144677452743,0.0095404144376516,0.0084622539579868,predictive_candidate,0,mixed,quota_archive,,0.6668566928607305
control_OLD_cde81588d99e6658,OLD,signed_energy,4,1,0.0091435899958014,0.0130033763125538,-0.0001762300526024,3,0.0304043125361204,0.0101649267598986,0.0116204963997006,-0.0001762300526024,predictive_candidate,1,old,quota_archive,,0.4343372969710906
main_F3_4c1608c53d62a177,F3,tanh_product,4,1,0.0099311117082834,0.0122881941497325,0.0024371673353016,4,0.01023789960891,0.0160769131034612,0.0204007979482412,0.0024371673353016,predictive_candidate,0,mixed,quota_archive,,0.10724022962395377
control_OLD_8905b5967da72343,OLD,cubic,4,1,0.0091381464153528,0.0117420628666877,0.003659997601062,4,0.003659997601062,0.0232881642878055,0.0071145184338092,0.012905572541058,predictive_candidate,0,old,quota_archive,,0.4832243153863197
main_F4_e0d2c920700dd7fc,F4,cubic,4,1,0.0081848874688148,0.0100143095478415,0.003927445039153,4,0.0098791848868131,0.007984391413629,0.003927445039153,0.0182662177830934,predictive_candidate,0,mixed,quota_archive,,0.23227778424560327
control_OLD_1bea8c66dcdb89b3,OLD,tanh_product,4,1,0.0091321300715208,0.0104174660518765,0.0042421198450028,4,0.0132489195093512,0.011039919219911,0.0131389070302248,0.0042421198450028,predictive_candidate,0,old,quota_archive,,0.2909038236763141
main_F5_0d4b5a10ce42eb67,F5,tanh_product,4,1,0.0061047719791531,0.0089113358408212,0.0008263619965873,4,0.0204382333904504,0.0020405158866196,0.012340229935944,0.0008263619965873,predictive_candidate,0,mixed,quota_archive,,0.23992354453011513
control_OLD_dbcf95b2949a5571,OLD,tanh_product,4,-1,0.0091276057064533,0.0133872358128428,0.0005643441691063,4,0.0245506633073091,0.0005643441691063,0.0265061166137456,0.0019278196850791,predictive_candidate,0,old,quota_archive,,0.35745293780291976
main_F6_5313add171c568d8,F6,cubic,4,-1,0.0085042212158441,0.0102408602833747,0.0023715374991297,4,0.0160456150770187,0.0118757104501128,0.01067057531327,0.0023715374991297,predictive_candidate,0,mixed,quota_archive,,0.6175415403780566
control_OLD_84fad0f31386870d,OLD,cubic,4,-1,0.0091233011335134,0.0125036109238863,-0.0038890913128852,3,0.0165444612503051,0.0162529274821281,0.0211061462759971,-0.0038890913128852,predictive_candidate,1,old,quota_archive,,0.42215824793178786
main_F7_8e64f856a6e12dee,F7,linear,4,1,0.0082223676145076,0.0094211222603917,0.0054258247837424,4,0.0054258247837424,0.0083707114681601,0.0090175839141011,0.0148703688755631,predictive_candidate,0,mixed,quota_archive,,0.6957187899485175
control_OLD_e330c5953a910250,OLD,tanh_product,4,-1,0.0091123906895518,0.0112557802349329,0.0061373561620712,4,0.0067601818591356,0.010706084780395,0.0061373561620712,0.0214195009320974,predictive_candidate,0,old,quota_archive,,0.16389058676991045
main_OLD_4aadb5cd4efc3951,OLD,tanh_product,4,-1,0.0094392979517579,0.0112905986607074,0.0023587588220834,4,0.0129331182688474,0.0137374410405755,0.0023587588220834,0.016133077442646,predictive_candidate,0,mixed,quota_archive,,0.07335874025308418
control_OLD_c3d17fc2c61639ac,OLD,cubic,4,-1,0.0090829851105809,0.0112003590911626,0.002830434590578,4,0.002830434590578,0.0159572772681713,0.017863905057311,0.0081498194485902,predictive_candidate,0,old,quota_archive,,0.38229007138075943
main_F1_712d36c62af00e43,F1,signed_energy,4,1,0.0086619667708873,0.0118313021957874,0.0009453287348151,4,0.0108834812417626,0.0094245076179504,0.0260718911886215,0.0009453287348151,predictive_candidate,0,mixed,quota_archive,,0.35869126002897905
control_OLD_d0d7b8147034b790,OLD,tanh_product,4,-1,0.0090537331998348,0.0110435150563716,0.0074945874512195,4,0.0208861287683248,0.0079405540600419,0.0074945874512195,0.0078527871519327,predictive_candidate,0,old,quota_archive,,0.16984344011094377
main_F2_63dd30d5194c3cd3,F2,cubic,4,1,0.0093225222080945,0.0105475410819053,0.0049347151070833,4,0.014533108100295,0.0109810614958405,0.0117412796244025,0.0049347151070833,predictive_candidate,0,mixed,quota_archive,,0.6714538902804736
control_OLD_e9fc38c71d4706fe,OLD,asinh_difference,4,1,0.0090537201613187,0.0097025325521826,0.0072405557148158,4,0.0072405557148158,0.0086172390729188,0.0118038924410939,0.0111484415829181,predictive_candidate,0,old,quota_archive,,0.5681345979141437
main_F3_4d0b2d9252917735,F3,cubic,4,1,0.0098942946642637,0.0121355364099144,0.0024836612865328,4,0.0175789110362529,0.0024836612865328,0.0182632803916931,0.0102162910625338,predictive_candidate,0,mixed,quota_archive,,0.1411256628708906
control_OLD_d7cf3a52905321b0,OLD,tanh_product,4,-1,0.0090526519343256,0.0110130449756979,0.0030410047620534,4,0.018881706520915,0.0030410047620534,0.0111534660682082,0.0109760025516152,predictive_candidate,0,old,quota_archive,,0.24223057288325814
main_F4_78391ab529fff174,F4,asinh_difference,4,-1,0.0080449394881725,0.0098291290923953,0.0028577714692801,4,0.0109595386311411,0.0084478836506605,0.0170513242483139,0.0028577714692801,predictive_candidate,0,mixed,quota_archive,,0.33943151533992083
control_OLD_eebdd3a3aa6c5661,OLD,tanh_product,4,-1,0.0090458616614341,0.0110713597387075,0.0045317951589822,4,0.0166868977248668,0.0045317951589822,0.0169756524264812,0.006091094110161,predictive_candidate,0,old,quota_archive,,0.3162057311391378
main_F5_cc6214b4b76feb9a,F5,tanh_product,4,1,0.00610220618546,0.0088369967415928,-0.0028808009810745,3,0.0162821821868419,0.0155749171972274,0.0063716880977153,-0.0028808009810745,predictive_candidate,1,mixed,quota_archive,,0.23137284379833237
control_OLD_c4178ea58af326b4,OLD,asinh_difference,4,-1,0.0090425973758101,0.0102242873981595,0.0047556878998875,4,0.0139933172613382,0.0047556878998875,0.0112172672525048,0.0109308762475848,predictive_candidate,0,old,quota_archive,,0.5563887932658029
main_F6_b9cdab3f570ac734,F6,tanh_product,4,1,0.0082651348784565,0.0089378971606493,0.0063743949867784,4,0.0063743949867784,0.0117855686694383,0.008966015651822,0.0086256107315421,predictive_candidate,0,mixed,quota_archive,,0.13122543891784405
control_OLD_dd86920211a501ba,OLD,cubic,4,1,0.0090349558740854,0.0105461124330759,0.0036828913725912,4,0.0036828913725912,0.0101671759039163,0.0134274195879697,0.01490696426481,predictive_candidate,0,old,quota_archive,,0.34081666419562123
main_F7_88e28ffdb908d720,F7,tanh_product,4,-1,0.0082110986113548,0.0097487578168511,0.0023418287746608,4,0.0107847210019826,0.0023418287746608,0.0122362505644559,0.0136322295293211,predictive_candidate,0,mixed,quota_archive,,0.3360292973472811
control_OLD_98e56f2230edcd35,OLD,tanh_product,4,1,0.0090178735554218,0.0120782209560275,0.0002126010949723,4,0.0119027830660343,0.0248995702713727,0.0112979291006922,0.0002126010949723,predictive_candidate,0,old,quota_archive,,0.2824445290281296
main_OLD_2520051361ec77b3,OLD,tanh_product,4,1,0.0093941865488886,0.0125511195510625,-0.001377536682412,3,0.0173429735004901,0.0113438032567501,0.0228952411562204,-0.001377536682412,predictive_candidate,1,mixed,quota_archive,,0.30667469899121985
control_OLD_77ff7642c9480d1c,OLD,signed_energy,4,-1,0.0090170940384268,0.0117758251726627,0.0045579229481518,4,0.0049441098235547,0.023852514103055,0.0137487547472119,0.0045579229481518,predictive_candidate,0,old,quota_archive,,0.6737703076101201
main_F1_9bf3becafbe0e8d8,F1,signed_energy,4,-1,0.0086254933848977,0.011463469825685,-0.0018607542151585,3,-0.0018607542151585,0.019408106803894,0.0121696880087256,0.0161368399858474,predictive_candidate,1,mixed,quota_archive,,0.28376644649493343
control_OLD_5cb22ca9c0a3a283,OLD,tanh_product,4,1,0.0090003386139869,0.0103644067421555,0.0067291022278368,4,0.0107650570571422,0.0067291022278368,0.0073910090140998,0.0165724586695432,predictive_candidate,0,old,quota_archive,,0.29688537022618977
main_F2_bd472b4475e68c94,F2,tanh_product,4,1,0.009315793402493,0.0119093582034111,-0.0001893480366561,3,0.0158543307334184,0.0124890673905611,-0.0001893480366561,0.0194833800196647,predictive_candidate,2,mixed,quota_archive,,0.07173931424089977
control_OLD_0b9a47774ceb4783,OLD,asinh_difference,4,1,0.0089959017932415,0.0114365797489881,0.0036801304668188,4,0.0058188247494399,0.0207077730447053,0.0155395902693271,0.0036801304668188,predictive_candidate,0,old,quota_archive,,0.5537945285955169
main_F3_69547b93cee59b6d,F3,linear,4,1,0.0094845024868845,0.0119264228269457,0.0037694692146033,4,0.0078450636938214,0.0137661043554544,0.0223250538110733,0.0037694692146033,predictive_candidate,0,mixed,quota_archive,,0.40346709889769133
control_OLD_b5af1799ae49999c,OLD,asinh_difference,4,-1,0.00898605491966,0.0104243177920579,0.0055917599238455,4,0.012180152349174,0.0055917599238455,0.0162274446338415,0.0076979137957096,predictive_candidate,0,old,quota_archive,,0.3927516940442192
main_F4_dc1981a2cf166679,F4,signed_energy,4,1,0.008021742105484,0.0085132690146565,0.0064713503234088,4,0.0088545633479952,0.0083250785246491,0.010402082465589,0.0064713503234088,predictive_candidate,0,mixed,quota_archive,,0.27064311733694685
control_OLD_cad92eb35d7b702b,OLD,cubic,4,-1,0.0089773936197161,0.0103969871997833,0.0063827754929661,4,0.0106227248907089,0.0076834713108837,0.0063827754929661,0.0168989785015583,predictive_candidate,0,old,quota_archive,,0.4066706694389924
main_F5_7ae617c5990a75e3,F5,asinh_difference,4,1,0.0058889416977763,0.0069834520108997,0.0026381164789199,4,0.0026381164789199,0.0107255987823009,0.0055458922870457,0.0090242009609937,predictive_candidate,0,mixed,quota_archive,,0.573987916328583
control_OLD_364a1002dd19eb8a,OLD,cubic,4,-1,0.0089713931083679,0.0108565753325819,0.0058544469065964,4,0.0058544469065964,0.0199112966656684,0.0081879897043108,0.0094725685194134,predictive_candidate,0,old,quota_archive,,0.4365402146564889
main_F6_0dd6af98b84f9413,F6,tanh_product,4,-1,0.008146590553224,0.0098829045891761,0.001336679328233,4,0.012051130644977,0.0134981479495763,0.0126456627622246,0.001336679328233,predictive_candidate,0,mixed,quota_archive,,0.19699481952716485
control_OLD_8e38a6249ff00f94,OLD,cubic,4,-1,0.0089622447267174,0.0107106976211071,0.0036745266988873,4,0.0174249373376369,0.0036745266988873,0.0092618903145194,0.0124814370647072,predictive_candidate,0,old,quota_archive,,0.5827837307509042
main_F7_b74b78770afb21c7,F7,linear,4,1,0.0081836469471454,0.0085383933037519,0.0071528456173837,4,0.0095311608165502,0.0094853648915886,0.0079842004925012,0.0071528456173837,predictive_candidate,0,mixed,quota_archive,,0.16250848787498498
control_OLD_f034fb7945a0669f,OLD,asinh_difference,4,1,0.0089528523385524,0.0104890102520585,0.0055752643384039,4,0.0069351466372609,0.013234675861895,0.016210950911045,0.0055752643384039,predictive_candidate,0,old,quota_archive,,0.6466440893172647
main_OLD_88b3e81a4c07c432,OLD,linear,4,1,0.0093015907332301,0.0106633752584457,0.0064273052848875,4,0.0064273052848875,0.0091489190235733,0.0169869400560855,0.0100903362035751,predictive_candidate,0,mixed,quota_archive,,0.6774847105115964
control_OLD_6f4392a7b3f12dfe,OLD,signed_energy,4,1,0.0089262714609503,0.011404326185584,0.0036813262850046,4,0.0056671011261641,0.0036813262850046,0.0151878120377659,0.0210810620337724,predictive_candidate,0,old,quota_archive,,0.30876883203937683
main_F1_4c93bac4114c77b3,F1,asinh_difference,4,1,0.0085986694321036,0.0107373520731925,0.0034668571315705,4,0.0066098948009312,0.0034668571315705,0.0137436278164386,0.0191290285438299,predictive_candidate,0,mixed,quota_archive,,0.2512384279116011
control_OLD_1306ee9d0a501d51,OLD,signed_energy,4,1,0.0089228395372629,0.0118491584435105,-0.0004842752532567,3,-0.0004842752532567,0.021705649793148,0.0093938708305358,0.0167813878506422,predictive_candidate,1,old,quota_archive,,0.4500372719705204
main_F2_b852acecb9104f2e,F2,asinh_difference,4,-1,0.0093084024265408,0.0124735459685325,0.0010560499504208,4,0.013233046978712,0.0261509045958518,0.0010560499504208,0.0094541842117905,predictive_candidate,0,mixed,quota_archive,,0.5591151806878896
control_OLD_4d3032ae4cf8b793,OLD,tanh_product,4,-1,0.0089191757142543,0.0105279423296451,0.0046096690930426,4,0.0170983970165252,0.0046096690930426,0.0119484001770615,0.0084553007036447,predictive_candidate,0,old,quota_archive,,0.23903075905276955
main_F3_80df6c9991e43d54,F3,asinh_difference,4,-1,0.0093237301334738,0.0137255098670721,-0.0042248396202921,3,0.0159346386790275,0.012064947746694,-0.0042248396202921,0.0311272926628589,predictive_candidate,2,mixed,quota_archive,,0.30921898983899215
control_OLD_5f6d45e0d4daf16d,OLD,tanh_product,4,-1,0.0088979331776499,0.0115071227774024,0.0025387597270309,4,0.0229731816798448,0.0025387597270309,0.0121657056733965,0.008350845426321,predictive_candidate,0,old,quota_archive,,0.3056951738577241
main_F4_8fdd501fb1161101,F4,tanh_product,4,-1,0.0079898089170455,0.009027574211359,0.0042751808650791,4,0.0092013468965888,0.0123338969424366,0.0042751808650791,0.0102998716756701,predictive_candidate,0,mixed,quota_archive,,0.04901299500013871
control_OLD_d2bcb7e6a0a85816,OLD,signed_energy,4,-1,0.0088933194056153,0.009797666221857,0.0070743020623922,4,0.0118690347298979,0.0128426011651754,0.00740472599864,0.0070743020623922,predictive_candidate,0,old,quota_archive,,0.4411666087111034
main_F5_8152b02b8a74856a,F5,linear,4,1,0.0058526676148176,0.0089593706652522,-0.0007586904685012,3,0.0092401672154665,0.004294401500374,0.0230616014450788,-0.0007586904685012,predictive_candidate,1,mixed,quota_archive,,0.45403161561153615
control_OLD_f0a85b7131d0b8dc,OLD,tanh_product,4,-1,0.0088771637529134,0.0107282474637031,0.0024485802277922,4,0.0154143357649445,0.0152560491114854,0.0024485802277922,0.0097940228879451,predictive_candidate,0,old,quota_archive,,0.11815403915058899
main_F6_546720e817b01883,F6,signed_energy,4,-1,0.0081146862357854,0.0105362487956881,0.0034243243280798,4,0.0213966909795999,0.0114835146814584,0.0034243243280798,0.0058404658921062,predictive_candidate,0,mixed,quota_archive,,0.6402963100972885
control_OLD_d4cee034bf640893,OLD,cubic,4,-1,0.0088751278817653,0.0097981626167893,0.0052453880198299,4,0.0115943867713212,0.0052453880198299,0.0113590834662318,0.0109937936067581,predictive_candidate,0,old,quota_archive,,0.4309607760258175
main_F7_acee5a5e1a66e252,F7,signed_energy,4,-1,0.0081552611663937,0.0094854496419429,0.0063930670730769,4,0.0082889990881085,0.0063930670730769,0.0072948327288031,0.0159648973494768,predictive_candidate,0,mixed,quota_archive,,0.39518229043974135
control_OLD_43ba73f1bd763838,OLD,cubic,4,-1,0.0088634677231311,0.010336622595787,0.0054531688801944,4,0.0054531688801944,0.0113930003717541,0.0078583564609289,0.0166419651359319,predictive_candidate,0,old,quota_archive,,0.4697588813587497
main_OLD_81542e09b2ffe758,OLD,tanh_product,4,1,0.0092625059187412,0.0113797625526785,0.0054353163577616,4,0.0205118041485548,0.0064269946888089,0.0054353163577616,0.0131449336186051,predictive_candidate,0,mixed,quota_archive,,0.47806220316391185
control_OLD_bd48c5a5ed4a44db,OLD,tanh_product,4,1,0.008859908208251,0.0101795522496104,0.0058559863828122,4,0.0077372840605676,0.015720922499895,0.0058559863828122,0.0114040141925215,predictive_candidate,0,old,quota_archive,,0.1449775594719487
main_F1_33db12db820eba79,F1,asinh_difference,4,-1,0.008588433265686,0.0104133933782577,0.0039343354292213,4,0.0039343354292213,0.0083529232069849,0.0182932000607252,0.0110731143504381,predictive_candidate,0,mixed,quota_archive,,0.3906834506273248
control_OLD_fd2fe54f30947523,OLD,tanh_product,4,1,0.0088575715199112,0.0111505696550011,0.0005309162661433,4,0.0112712467089295,0.0005309162661433,0.017774598672986,0.0150255160406231,predictive_candidate,0,old,quota_archive,,0.3424812555241097
main_F2_b8fb2139abc0f4ab,F2,cubic,4,1,0.0092377485707402,0.012438915669918,-0.0028657156508415,3,-0.0028657156508415,0.021235954016447,0.0166459120810031,0.0147395133972167,predictive_candidate,1,mixed,quota_archive,,0.506300345930016
control_OLD_9fea21fe82146413,OLD,tanh_product,4,1,0.0088443094864487,0.0120320487767457,-0.0012224428355693,3,-0.0012224428355693,0.0226112380623817,0.0178769547492265,0.0088624451309442,predictive_candidate,1,old,quota_archive,,0.17711828431324883
main_F3_fd75cd37c64e3c90,F3,signed_energy,4,-1,0.0092388307675719,0.0112076792865991,0.0037158539053052,4,0.0086394036188721,0.0188115257769823,0.0037158539053052,0.0136639326810836,predictive_candidate,0,mixed,quota_archive,,0.07188708250086367
control_OLD_ba7145def840e04b,OLD,tanh_product,4,1,0.0088435355573892,0.0097606508061289,0.006378405727446,4,0.008831288665533,0.0136290872469544,0.006378405727446,0.0102038234472274,predictive_candidate,0,old,quota_archive,,0.17101020229214936
main_F4_55fc2e3d51e39f19,F4,asinh_difference,4,1,0.0076847355812788,0.0124805467203259,-0.0048894728533923,3,0.0300807524472475,-0.0048894728533923,0.0207171868532896,0.0040137222968041,predictive_candidate,2,mixed,quota_archive,,0.3983679866023934
control_OLD_19fbdcfca5a29b49,OLD,linear,4,-1,0.0088386498391628,0.0098785161972045,0.0075648720376193,4,0.0081302933394908,0.0088557731360197,0.0149631239473819,0.0075648720376193,predictive_candidate,0,old,quota_archive,,0.4217971311958953
main_F5_02f2ba9debc06713,F5,cubic,4,-1,0.005844471976161,0.0074700796976685,0.0039949025958776,4,0.0064481780864298,0.0153336003422737,0.004103637766093,0.0039949025958776,predictive_candidate,0,mixed,quota_archive,,0.47076143853641084
control_OLD_7ee5afd4310542cb,OLD,signed_energy,4,-1,0.0088292909786105,0.0104236267507076,0.0032934797927737,4,0.0032934797927737,0.0130030391737818,0.0154516380280256,0.0099463509395718,predictive_candidate,0,old,quota_archive,,0.2412378931730781
main_F6_62e953b70719b09e,F6,signed_energy,4,-1,0.0079199224710464,0.009286830201745,0.0044563631527125,4,0.0094883572310209,0.0079323332756757,0.0044563631527125,0.0152702648192644,predictive_candidate,0,mixed,quota_archive,,0.3706131625989062
control_OLD_806cd33ab266b43d,OLD,tanh_product,4,1,0.0088253915309906,0.0113651622086763,0.001028703758493,4,0.0085767973214387,0.001028703758493,0.0157051179558038,0.0201500281691551,predictive_candidate,0,old,quota_archive,,0.12049827667517116
main_F7_97f462be2591af3a,F7,tanh_product,4,1,0.0079951537773013,0.0100349290296435,0.000943754450418,4,0.0099819665774703,0.012219613417983,0.0169943831861019,0.000943754450418,predictive_candidate,0,mixed,quota_archive,,0.1841250599957602
control_OLD_f2c255b50ceea429,OLD,tanh_product,4,1,0.0088156461715698,0.011599414050579,-0.0017502339323982,3,0.0189577620476484,-0.0017502339323982,0.0134258223697543,0.0157643072307109,predictive_candidate,2,old,quota_archive,,0.21196564221390277
main_OLD_7ea12a59dc30943d,OLD,cubic,4,-1,0.0092189386487007,0.0107909701764583,0.0044797961600124,4,0.0169562306255102,0.0096716750413179,0.012056179344654,0.0044797961600124,predictive_candidate,0,mixed,quota_archive,,0.38420456833078637
control_OLD_1bb0db5bca57f570,OLD,signed_energy,4,1,0.0088068582117557,0.0098304841667413,0.0059514846652746,4,0.0059514846652746,0.0141484253108501,0.0091491555795073,0.010072873905301,predictive_candidate,0,old,quota_archive,,0.2777268438855331
main_F1_4727a4541577b84b,F1,asinh_difference,4,-1,0.0084289545193314,0.0100893415510654,0.0022761560976505,4,0.0022761560976505,0.0126056922599673,0.0148131689056754,0.0106623470783233,predictive_candidate,0,mixed,quota_archive,,0.22478069918473512
control_OLD_e149b13bd6c6d54c,OLD,tanh_product,4,1,0.0088032549247145,0.0120578184723854,-0.0024503087624907,3,0.0227348841726779,-0.0024503087624907,0.0113235116004943,0.0166231896728277,predictive_candidate,2,old,quota_archive,,0.2801598027960431
main_F2_bfde06eb22f4f4cd,F2,cubic,4,1,0.0091663803905248,0.0119762532413005,0.0050641912966966,4,0.0059503042139112,0.0050641912966966,0.0117361638695001,0.0251543521881103,predictive_candidate,0,mixed,quota_archive,,0.1274117808815131
control_OLD_578699bc873b2e1d,OLD,tanh_product,4,-1,0.0087936306372284,0.0107683707028627,0.0027692844159901,4,0.0027692844159901,0.0180934276431798,0.008929974399507,0.0132807958871126,predictive_candidate,0,old,quota_archive,,0.22910517321648863
main_F3_e709480fbae87ce9,F3,tanh_product,4,-1,0.0091998353600502,0.0107803791761398,0.0030875164084136,4,0.0120604885742068,0.0030875164084136,0.0136779760941863,0.0142955388873815,predictive_candidate,0,mixed,quota_archive,,0.031649400170160796
control_OLD_dfa05956639c9220,OLD,cubic,4,-1,0.0087925642728805,0.0109886331483721,0.001822272199206,4,0.0137857785448431,0.018934903666377,0.0094115808606147,0.001822272199206,predictive_candidate,0,old,quota_archive,,0.37832457826459764
main_F4_297fbfdbb60f9713,F4,asinh_difference,4,-1,0.0076104011386632,0.0100634600967168,0.0020263842307031,4,0.0065986225381493,0.0106306411325931,0.0020263842307031,0.020998191088438,predictive_candidate,0,mixed,quota_archive,,0.39142812420179607
control_OLD_8cdc77b2d1e0b59f,OLD,tanh_product,4,1,0.0087853837758302,0.0110164061188697,0.0048557757399976,4,0.0121387224644422,0.0048557757399976,0.006098358426243,0.0209727678447961,predictive_candidate,0,old,quota_archive,,0.0825427573628935
main_F5_6b9e1d05d79a0cdf,F5,cubic,4,-1,0.005844279192388,0.0072149187326431,0.0009187611285597,4,0.0079800924286246,0.0116863958537578,0.0082744257524609,0.0009187611285597,predictive_candidate,0,mixed,quota_archive,,0.2392635139861712
control_OLD_786c1036fdac491d,OLD,signed_energy,4,1,0.0087705235928297,0.0100570693612098,0.0062148063443601,4,0.0150218084454536,0.012142127379775,0.0068495366722345,0.0062148063443601,predictive_candidate,0,old,quota_archive,,0.29952488066328864
main_F6_ee28bee0b0f1d0e0,F6,cubic,4,-1,0.0078956736251711,0.0090779662132263,0.0037640610244125,4,0.0116021679714322,0.012362603098154,0.0037640610244125,0.0085830353200435,predictive_candidate,0,mixed,quota_archive,,0.22140336191516466
control_OLD_4cba839db78dac35,OLD,tanh_product,4,-1,0.008747792802751,0.012690327130258,-0.0004073836607858,3,0.0296332947909832,-0.0004073836607858,0.0062103820964694,0.0153250135481357,predictive_candidate,2,old,quota_archive,,0.3696341562600647
main_F7_c248ac5b40c2df9e,F7,tanh_product,4,1,0.0079702213406562,0.0087500810623168,0.0068703996948897,4,0.0124713089317083,0.0072037749923765,0.008454842492938,0.0068703996948897,predictive_candidate,0,mixed,quota_archive,,0.25550371053699417
control_OLD_1ec6a8bea5bf9764,OLD,asinh_difference,4,1,0.0087378360331058,0.0095976833254098,0.0072839632630348,4,0.00752625009045,0.0102277733385562,0.0133527442812919,0.0072839632630348,predictive_candidate,0,old,quota_archive,,0.6098227905242991
main_OLD_2213eaaf970273ce,OLD,tanh_product,4,-1,0.0092000775039196,0.0107295978814363,0.0042099766433238,4,0.0112657900899648,0.010919889435172,0.0042099766433238,0.0165227334946393,predictive_candidate,0,mixed,quota_archive,,0.18288970371888538
control_OLD_784e21b5eb65d8e8,OLD,signed_energy,4,1,0.0087357796728611,0.0119678415358066,0.0013668064493685,4,0.0013668064493685,0.0118040824308991,0.0081103267148137,0.0265901517122983,predictive_candidate,0,old,quota_archive,,0.22213229571739224
